,Songs,Artists,uri,acousticness,analysis_url,danceability,duration_ms,energy,id,instrumentalness,key,liveness,loudness,mode,speechiness,tempo,time_signature,track_href,type,valence
0,Cosmic Dark,Pitchback,spotify:track:5lLiVVtap1z4PoeWe6mNMG,0.00153,https://api.spotify.com/v1/audio-analysis/5lLiVVtap1z4PoeWe6mNMG,0.512,195692,0.915,5lLiVVtap1z4PoeWe6mNMG,0.0164,11,0.523,-5.377,0,0.136,130.05,4,https://api.spotify.com/v1/tracks/5lLiVVtap1z4PoeWe6mNMG,audio_features,0.288
1,WKND - Edit,Max Enforcer,spotify:track:719pz4OloEDeM0axqttdZP,0.0169,https://api.spotify.com/v1/audio-analysis/719pz4OloEDeM0axqttdZP,0.462,240000,0.938,719pz4OloEDeM0axqttdZP,1.31e-05,7,0.362,-3.799,1,0.055,149.932,4,https://api.spotify.com/v1/tracks/719pz4OloEDeM0axqttdZP,audio_features,0.239
2,Magical,Sound Rush,spotify:track:648pJwgAzK8gfFuuwR8I0b,0.0371,https://api.spotify.com/v1/audio-analysis/648pJwgAzK8gfFuuwR8I0b,0.465,173638,0.899,648pJwgAzK8gfFuuwR8I0b,0.278,8,0.0977,-5.854,1,0.0466,149.943,4,https://api.spotify.com/v1/tracks/648pJwgAzK8gfFuuwR8I0b,audio_features,0.123
3,Be Here Now,Brennan Heart,spotify:track:5Yldt1EiD9XTfZPMLfIW86,0.203,https://api.spotify.com/v1/audio-analysis/5Yldt1EiD9XTfZPMLfIW86,0.557,233600,0.703,5Yldt1EiD9XTfZPMLfIW86,0.000156,8,0.0927,-2.062,0,0.0277,150.037,4,https://api.spotify.com/v1/tracks/5Yldt1EiD9XTfZPMLfIW86,audio_features,0.228
4,Circus Circus - Radio Edit,Angerfist,spotify:track:0NKm4lruTqN714pOVgtdaW,0.0762,https://api.spotify.com/v1/audio-analysis/0NKm4lruTqN714pOVgtdaW,0.478,170994,0.891,0NKm4lruTqN714pOVgtdaW,0.259,6,0.363,-3.636,0,0.164,170.144,4,https://api.spotify.com/v1/tracks/0NKm4lruTqN714pOVgtdaW,audio_features,0.49
5,Don't Let Me Down (feat. Daya) - Hardwell & Sephyx Remix,The Chainsmokers,spotify:track:1JI70l1lE5IF2tgJm5TnMD,0.0861,https://api.spotify.com/v1/audio-analysis/1JI70l1lE5IF2tgJm5TnMD,0.509,162440,0.897,1JI70l1lE5IF2tgJm5TnMD,0.000634,8,0.0625,-3.418,0,0.0454,149.864,4,https://api.spotify.com/v1/tracks/1JI70l1lE5IF2tgJm5TnMD,audio_features,0.283
6,Lies or Truth - Hardbass Edit,Brennan Heart,spotify:track:14gvJ0EL8rQHtIONJ4hkXj,0.00839,https://api.spotify.com/v1/audio-analysis/14gvJ0EL8rQHtIONJ4hkXj,0.472,211787,0.778,14gvJ0EL8rQHtIONJ4hkXj,6.51e-05,1,0.792,-4.077,1,0.0322,148.094,4,https://api.spotify.com/v1/tracks/14gvJ0EL8rQHtIONJ4hkXj,audio_features,0.266
7,Flash - Radio Edit,Tuneboy,spotify:track:6pIyS7jA15Ugsp2xD1TlNV,0.000207,https://api.spotify.com/v1/audio-analysis/6pIyS7jA15Ugsp2xD1TlNV,0.433,89957,0.95,6pIyS7jA15Ugsp2xD1TlNV,0.62,11,0.312,-3.043,0,0.0538,150.009,4,https://api.spotify.com/v1/tracks/6pIyS7jA15Ugsp2xD1TlNV,audio_features,0.0419
8,Dark Universe - Radio Edit,Adaro,spotify:track:30NHAvbE2niZ5CyIWgUk4b,0.322,https://api.spotify.com/v1/audio-analysis/30NHAvbE2niZ5CyIWgUk4b,0.372,304089,0.877,30NHAvbE2niZ5CyIWgUk4b,0.013,7,0.0603,-3.709,1,0.118,150.261,4,https://api.spotify.com/v1/tracks/30NHAvbE2niZ5CyIWgUk4b,audio_features,0.0355
9,From Beyond,Sylence,spotify:track:2nhV4uHjqLA0K3KAzAz7w1,0.0359,https://api.spotify.com/v1/audio-analysis/2nhV4uHjqLA0K3KAzAz7w1,0.401,278710,0.886,2nhV4uHjqLA0K3KAzAz7w1,0.919,5,0.105,-5.242,1,0.0391,154.961,4,https://api.spotify.com/v1/tracks/2nhV4uHjqLA0K3KAzAz7w1,audio_features,0.349
10,Kingdom Of Fire (New Horizons 2019 Anthem) - Averro Remix,Cuebrick,spotify:track:0yNJdMjlUPqDya2ALP9V0q,0.0125,https://api.spotify.com/v1/audio-analysis/0yNJdMjlUPqDya2ALP9V0q,0.468,172039,0.859,0yNJdMjlUPqDya2ALP9V0q,5.24e-06,0,0.31,-5.841,0,0.0844,150.002,4,https://api.spotify.com/v1/tracks/0yNJdMjlUPqDya2ALP9V0q,audio_features,0.327
11,When We Were Still Young - Averro Remix,Klaas,spotify:track:08ty5lPyAfzcRjJcCoY5JS,0.0301,https://api.spotify.com/v1/audio-analysis/08ty5lPyAfzcRjJcCoY5JS,0.508,173000,0.761,08ty5lPyAfzcRjJcCoY5JS,0.0,9,0.302,-5.102,1,0.0443,149.95,4,https://api.spotify.com/v1/tracks/08ty5lPyAfzcRjJcCoY5JS,audio_features,0.29
12,Eternal Vision,Bioweapon,spotify:track:6Tt9r6orMMcTnLsASGLRLY,0.000815,https://api.spotify.com/v1/audio-analysis/6Tt9r6orMMcTnLsASGLRLY,0.57,307217,0.968,6Tt9r6orMMcTnLsASGLRLY,0.453,11,0.647,-5.109,1,0.0786,150.055,4,https://api.spotify.com/v1/tracks/6Tt9r6orMMcTnLsASGLRLY,audio_features,0.442
13,Eternal Vision,Bioweapon,spotify:track:6Tt9r6orMMcTnLsASGLRLY,0.000815,https://api.spotify.com/v1/audio-analysis/6Tt9r6orMMcTnLsASGLRLY,0.57,307217,0.968,6Tt9r6orMMcTnLsASGLRLY,0.453,11,0.647,-5.109,1,0.0786,150.055,4,https://api.spotify.com/v1/tracks/6Tt9r6orMMcTnLsASGLRLY,audio_features,0.442
14,Eternal Vision,Bioweapon,spotify:track:6Tt9r6orMMcTnLsASGLRLY,0.000815,https://api.spotify.com/v1/audio-analysis/6Tt9r6orMMcTnLsASGLRLY,0.57,307217,0.968,6Tt9r6orMMcTnLsASGLRLY,0.453,11,0.647,-5.109,1,0.0786,150.055,4,https://api.spotify.com/v1/tracks/6Tt9r6orMMcTnLsASGLRLY,audio_features,0.442
15,Eternal Vision,Bioweapon,spotify:track:6Tt9r6orMMcTnLsASGLRLY,0.000815,https://api.spotify.com/v1/audio-analysis/6Tt9r6orMMcTnLsASGLRLY,0.57,307217,0.968,6Tt9r6orMMcTnLsASGLRLY,0.453,11,0.647,-5.109,1,0.0786,150.055,4,https://api.spotify.com/v1/tracks/6Tt9r6orMMcTnLsASGLRLY,audio_features,0.442
16,Be Alright (feat. EMEL),Stonebank,spotify:track:003U4oQXv82GYo1tNquN2F,0.00216,https://api.spotify.com/v1/audio-analysis/003U4oQXv82GYo1tNquN2F,0.538,299294,0.77,003U4oQXv82GYo1tNquN2F,0.165,7,0.355,-3.924,0,0.103,170.035,4,https://api.spotify.com/v1/tracks/003U4oQXv82GYo1tNquN2F,audio_features,0.235
17,All The Memories - Radio Edit,Adrenalize,spotify:track:1usmDddraDmgWFn5w46YJZ,0.0221,https://api.spotify.com/v1/audio-analysis/1usmDddraDmgWFn5w46YJZ,0.544,189608,0.964,1usmDddraDmgWFn5w46YJZ,0.792,1,0.387,-4.944,1,0.0359,149.991,4,https://api.spotify.com/v1/tracks/1usmDddraDmgWFn5w46YJZ,audio_features,0.589
18,Still Here,Brennan Heart,spotify:track:6ECBueopn5ikxPo2fMBsvC,0.157,https://api.spotify.com/v1/audio-analysis/6ECBueopn5ikxPo2fMBsvC,0.279,213075,0.6,6ECBueopn5ikxPo2fMBsvC,0.0376,9,0.0903,-4.817,0,0.0365,150.031,3,https://api.spotify.com/v1/tracks/6ECBueopn5ikxPo2fMBsvC,audio_features,0.121
19,Fame - Original Mix,The Pitcher,spotify:track:0cnvxtfgOf9R54nmb0PrUz,0.00323,https://api.spotify.com/v1/audio-analysis/0cnvxtfgOf9R54nmb0PrUz,0.487,244342,0.847,0cnvxtfgOf9R54nmb0PrUz,0.113,5,0.119,-5.114,1,0.0403,149.984,4,https://api.spotify.com/v1/tracks/0cnvxtfgOf9R54nmb0PrUz,audio_features,0.179
20,Stronger (feat. Emel),Stonebank,spotify:track:5sXDrbX0T45lv8elWcVUnc,0.00479,https://api.spotify.com/v1/audio-analysis/5sXDrbX0T45lv8elWcVUnc,0.511,320394,0.885,5sXDrbX0T45lv8elWcVUnc,0.0645,5,0.115,-3.259,0,0.287,170.002,4,https://api.spotify.com/v1/tracks/5sXDrbX0T45lv8elWcVUnc,audio_features,0.343
21,It's My Style,Brennan Heart,spotify:track:5enbeR7MY2F3CweWVVeryH,0.0119,https://api.spotify.com/v1/audio-analysis/5enbeR7MY2F3CweWVVeryH,0.616,217473,0.941,5enbeR7MY2F3CweWVVeryH,0.00593,11,0.697,-3.899,1,0.153,149.991,4,https://api.spotify.com/v1/tracks/5enbeR7MY2F3CweWVVeryH,audio_features,0.236
22,Fuck the Haters - Original Mix,Darksiderz,spotify:track:16sxgJ5HuRvXTyfAoJ8on8,0.021,https://api.spotify.com/v1/audio-analysis/16sxgJ5HuRvXTyfAoJ8on8,0.529,270440,0.973,16sxgJ5HuRvXTyfAoJ8on8,0.00727,11,0.128,-3.505,0,0.078,149.975,4,https://api.spotify.com/v1/tracks/16sxgJ5HuRvXTyfAoJ8on8,audio_features,0.26
23,Beautiful World - D-Block & S-te-Fan Radio Edit,Blasterjaxx,spotify:track:6YXWRtIpZ2F6phDxlMVrwh,0.0437,https://api.spotify.com/v1/audio-analysis/6YXWRtIpZ2F6phDxlMVrwh,0.517,202165,0.932,6YXWRtIpZ2F6phDxlMVrwh,0.000598,8,0.0721,-2.105,1,0.0488,149.975,4,https://api.spotify.com/v1/tracks/6YXWRtIpZ2F6phDxlMVrwh,audio_features,0.179
24,Equilibrium (Qlimax Anthem 2015),Atmozfears,spotify:track:4bHcHUWAIpWvPVTmvH7niJ,0.00419,https://api.spotify.com/v1/audio-analysis/4bHcHUWAIpWvPVTmvH7niJ,0.414,286610,0.936,4bHcHUWAIpWvPVTmvH7niJ,0.00357,9,0.359,-6.467,0,0.225,150.118,4,https://api.spotify.com/v1/tracks/4bHcHUWAIpWvPVTmvH7niJ,audio_features,0.27
25,Double Dare,Brennan Heart,spotify:track:0cxdULA9r5gtLuDWzP9Hv7,0.00666,https://api.spotify.com/v1/audio-analysis/0cxdULA9r5gtLuDWzP9Hv7,0.488,188800,0.984,0cxdULA9r5gtLuDWzP9Hv7,0.0,2,0.0989,-3.603,1,0.082,149.997,4,https://api.spotify.com/v1/tracks/0cxdULA9r5gtLuDWzP9Hv7,audio_features,0.419
26,Life Is Calling - Wasted Penguinz Remix,JoeySuki,spotify:track:6fginl3PRIlm984DVF6j9t,0.133,https://api.spotify.com/v1/audio-analysis/6fginl3PRIlm984DVF6j9t,0.547,320000,0.866,6fginl3PRIlm984DVF6j9t,6.04e-05,10,0.0775,-3.71,1,0.0544,150.034,4,https://api.spotify.com/v1/tracks/6fginl3PRIlm984DVF6j9t,audio_features,0.574
27,Legends (Zatox Remix) [feat. TeamMate],Razihel,spotify:track:7DWNnaj72xiJrv0uNBiZV8,0.00141,https://api.spotify.com/v1/audio-analysis/7DWNnaj72xiJrv0uNBiZV8,0.534,358144,0.984,7DWNnaj72xiJrv0uNBiZV8,0.000116,9,0.306,-3.884,0,0.276,149.993,4,https://api.spotify.com/v1/tracks/7DWNnaj72xiJrv0uNBiZV8,audio_features,0.111
28,My Identity,Brennan Heart,spotify:track:6qdZRjBDMJd6wlJjt7Yeb5,0.00762,https://api.spotify.com/v1/audio-analysis/6qdZRjBDMJd6wlJjt7Yeb5,0.641,336000,0.938,6qdZRjBDMJd6wlJjt7Yeb5,4.81e-06,1,0.104,-2.833,1,0.0732,150.047,4,https://api.spotify.com/v1/tracks/6qdZRjBDMJd6wlJjt7Yeb5,audio_features,0.308
29,Can You Feel It (feat. Ty Dolla $ign),Carnage,spotify:track:3zzFd97rjfpqIRkAEuLOor,0.000633,https://api.spotify.com/v1/audio-analysis/3zzFd97rjfpqIRkAEuLOor,0.46,220000,0.835,3zzFd97rjfpqIRkAEuLOor,8.88e-06,0,0.674,-6.116,1,0.06,149.986,4,https://api.spotify.com/v1/tracks/3zzFd97rjfpqIRkAEuLOor,audio_features,0.62
30,Big Bang - Bass Modulators Radio Edit,twoloud,spotify:track:5EYLK6LNWY4XsxWc1Hns6u,0.0109,https://api.spotify.com/v1/audio-analysis/5EYLK6LNWY4XsxWc1Hns6u,0.587,247467,0.976,5EYLK6LNWY4XsxWc1Hns6u,0.944,5,0.127,-4.05,0,0.0553,149.956,4,https://api.spotify.com/v1/tracks/5EYLK6LNWY4XsxWc1Hns6u,audio_features,0.211
31,Tonight Will Never Die - Audiotricz Remix Edit,Code Black,spotify:track:7zT6E3HWdBOjxTRctqLRrt,0.0258,https://api.spotify.com/v1/audio-analysis/7zT6E3HWdBOjxTRctqLRrt,0.547,198400,0.826,7zT6E3HWdBOjxTRctqLRrt,6.27e-06,9,0.0889,-3.288,0,0.0414,150.039,4,https://api.spotify.com/v1/tracks/7zT6E3HWdBOjxTRctqLRrt,audio_features,0.227
32,Sail Away - Edit,Frontliner,spotify:track:0sD6Ri7FUBVZBQ9BAKCzPt,0.00899,https://api.spotify.com/v1/audio-analysis/0sD6Ri7FUBVZBQ9BAKCzPt,0.397,214305,0.684,0sD6Ri7FUBVZBQ9BAKCzPt,0.0,6,0.119,-5.459,1,0.039,150.083,4,https://api.spotify.com/v1/tracks/0sD6Ri7FUBVZBQ9BAKCzPt,audio_features,0.262
33,Louder - Original Edit,D-Block & S-te-Fan,spotify:track:0odLjsTYrgvOAXAYny2uW8,0.045,https://api.spotify.com/v1/audio-analysis/0odLjsTYrgvOAXAYny2uW8,0.496,248000,0.931,0odLjsTYrgvOAXAYny2uW8,0.000366,6,0.187,-3.476,0,0.036,150.014,4,https://api.spotify.com/v1/tracks/0odLjsTYrgvOAXAYny2uW8,audio_features,0.286
34,Green Stuff,Mr Puta,spotify:track:5hDAcHykZMWayMGoCM67FF,0.0112,https://api.spotify.com/v1/audio-analysis/5hDAcHykZMWayMGoCM67FF,0.79,397573,0.711,5hDAcHykZMWayMGoCM67FF,0.0876,11,0.0348,-9.149,0,0.199,145.005,4,https://api.spotify.com/v1/tracks/5hDAcHykZMWayMGoCM67FF,audio_features,0.338
35,Live Your Life - Radio Edit,Headhunterz,spotify:track:1Pofof4ZYVI6GDM0IFGvBk,0.0057,https://api.spotify.com/v1/audio-analysis/1Pofof4ZYVI6GDM0IFGvBk,0.485,180923,0.853,1Pofof4ZYVI6GDM0IFGvBk,0.00155,6,0.0842,-3.192,0,0.0423,130.054,4,https://api.spotify.com/v1/tracks/1Pofof4ZYVI6GDM0IFGvBk,audio_features,0.304
36,The F-Track,Showtek,spotify:track:79n5gQpdR7nJ6Gesy3nJQr,0.00925,https://api.spotify.com/v1/audio-analysis/79n5gQpdR7nJ6Gesy3nJQr,0.673,262994,0.941,79n5gQpdR7nJ6Gesy3nJQr,0.0109,8,0.297,-4.511,1,0.0978,147.0,4,https://api.spotify.com/v1/tracks/79n5gQpdR7nJ6Gesy3nJQr,audio_features,0.655
37,For The World - Radio Edit,Dr Rude,spotify:track:2ODUcdRVG402ceMkyXkJ5U,0.0708,https://api.spotify.com/v1/audio-analysis/2ODUcdRVG402ceMkyXkJ5U,0.635,230333,0.982,2ODUcdRVG402ceMkyXkJ5U,8.57e-05,5,0.225,-4.664,0,0.0864,147.989,4,https://api.spotify.com/v1/tracks/2ODUcdRVG402ceMkyXkJ5U,audio_features,0.423
38,Stfu,Victor Niglio,spotify:track:5RjralS1gSA1563Kq1asDR,0.0973,https://api.spotify.com/v1/audio-analysis/5RjralS1gSA1563Kq1asDR,0.69,228764,0.877,5RjralS1gSA1563Kq1asDR,1.58e-05,3,0.0962,-3.132,1,0.04,127.949,4,https://api.spotify.com/v1/tracks/5RjralS1gSA1563Kq1asDR,audio_features,0.321
39,Only You - Radio Edit,Noisecontrollers,spotify:track:2MZbFno9VKRTKx41vFBbiZ,8.77e-05,https://api.spotify.com/v1/audio-analysis/2MZbFno9VKRTKx41vFBbiZ,0.468,197231,0.914,2MZbFno9VKRTKx41vFBbiZ,7.51e-05,5,0.319,-3.351,0,0.106,130.053,4,https://api.spotify.com/v1/tracks/2MZbFno9VKRTKx41vFBbiZ,audio_features,0.272
40,End Like This - Edit,Code Black,spotify:track:5GcwTSrmmPkZVIs6u9axrX,0.0137,https://api.spotify.com/v1/audio-analysis/5GcwTSrmmPkZVIs6u9axrX,0.614,201600,0.9,5GcwTSrmmPkZVIs6u9axrX,0.137,4,0.108,-2.361,0,0.0441,150.018,4,https://api.spotify.com/v1/tracks/5GcwTSrmmPkZVIs6u9axrX,audio_features,0.184
41,Release - Radio Edit,Atmozfears,spotify:track:5PSR3ul57ZNTQi4Al6xtUz,0.0105,https://api.spotify.com/v1/audio-analysis/5PSR3ul57ZNTQi4Al6xtUz,0.483,238421,0.683,5PSR3ul57ZNTQi4Al6xtUz,0.000149,2,0.106,-6.903,0,0.0364,149.841,4,https://api.spotify.com/v1/tracks/5PSR3ul57ZNTQi4Al6xtUz,audio_features,0.12
42,La Vida Narcotica,Mr Puta,spotify:track:5eJ5j9tBJMA5XsUBNNHhSb,0.000215,https://api.spotify.com/v1/audio-analysis/5eJ5j9tBJMA5XsUBNNHhSb,0.579,334933,0.901,5eJ5j9tBJMA5XsUBNNHhSb,0.253,2,0.28,-7.583,1,0.0643,144.993,4,https://api.spotify.com/v1/tracks/5eJ5j9tBJMA5XsUBNNHhSb,audio_features,0.428
43,Anxiety,Wasted Penguinz,spotify:track:6IpVTq4tDyVlPjAEzdICn9,0.00124,https://api.spotify.com/v1/audio-analysis/6IpVTq4tDyVlPjAEzdICn9,0.576,380701,0.483,6IpVTq4tDyVlPjAEzdICn9,0.573,11,0.0535,-6.664,0,0.0376,145.004,4,https://api.spotify.com/v1/tracks/6IpVTq4tDyVlPjAEzdICn9,audio_features,0.142
44,Anxiety,Wasted Penguinz,spotify:track:6IpVTq4tDyVlPjAEzdICn9,0.00124,https://api.spotify.com/v1/audio-analysis/6IpVTq4tDyVlPjAEzdICn9,0.576,380701,0.483,6IpVTq4tDyVlPjAEzdICn9,0.573,11,0.0535,-6.664,0,0.0376,145.004,4,https://api.spotify.com/v1/tracks/6IpVTq4tDyVlPjAEzdICn9,audio_features,0.142
45,Anxiety,Wasted Penguinz,spotify:track:6IpVTq4tDyVlPjAEzdICn9,0.00124,https://api.spotify.com/v1/audio-analysis/6IpVTq4tDyVlPjAEzdICn9,0.576,380701,0.483,6IpVTq4tDyVlPjAEzdICn9,0.573,11,0.0535,-6.664,0,0.0376,145.004,4,https://api.spotify.com/v1/tracks/6IpVTq4tDyVlPjAEzdICn9,audio_features,0.142
46,Anxiety,Wasted Penguinz,spotify:track:6IpVTq4tDyVlPjAEzdICn9,0.00124,https://api.spotify.com/v1/audio-analysis/6IpVTq4tDyVlPjAEzdICn9,0.576,380701,0.483,6IpVTq4tDyVlPjAEzdICn9,0.573,11,0.0535,-6.664,0,0.0376,145.004,4,https://api.spotify.com/v1/tracks/6IpVTq4tDyVlPjAEzdICn9,audio_features,0.142
47,New World,Code Black,spotify:track:6xUaqgIrh2m73FqjoXjw9I,0.0244,https://api.spotify.com/v1/audio-analysis/6xUaqgIrh2m73FqjoXjw9I,0.531,304000,0.923,6xUaqgIrh2m73FqjoXjw9I,0.00547,10,0.334,-2.691,0,0.049,149.872,4,https://api.spotify.com/v1/tracks/6xUaqgIrh2m73FqjoXjw9I,audio_features,0.482
48,Here We Fucking Go,Showtek,spotify:track:4rclcHJiSCGqoc2EQPdg3f,0.000716,https://api.spotify.com/v1/audio-analysis/4rclcHJiSCGqoc2EQPdg3f,0.627,316620,0.956,4rclcHJiSCGqoc2EQPdg3f,0.000158,6,0.0713,-4.022,1,0.168,146.989,4,https://api.spotify.com/v1/tracks/4rclcHJiSCGqoc2EQPdg3f,audio_features,0.506
49,Tell Me - Radio Edit,Frontliner,spotify:track:5QjYJrJTSoVe9zyEXP6ppI,0.000771,https://api.spotify.com/v1/audio-analysis/5QjYJrJTSoVe9zyEXP6ppI,0.46,166391,0.866,5QjYJrJTSoVe9zyEXP6ppI,0.0174,9,0.369,-6.497,0,0.0428,150.06,4,https://api.spotify.com/v1/tracks/5QjYJrJTSoVe9zyEXP6ppI,audio_features,0.113
50,Lose My Mind - Radio Edit,Wildstylez,spotify:track:3pVVFQ4D1yRBpztapn2hHG,0.00243,https://api.spotify.com/v1/audio-analysis/3pVVFQ4D1yRBpztapn2hHG,0.522,183267,0.819,3pVVFQ4D1yRBpztapn2hHG,0.00343,0,0.307,-4.493,1,0.0365,75.02,4,https://api.spotify.com/v1/tracks/3pVVFQ4D1yRBpztapn2hHG,audio_features,0.374
51,Psychedelic - CD Version,Headhunterz,spotify:track:4wIG2bxqjGLgIbuaASSCNh,0.0337,https://api.spotify.com/v1/audio-analysis/4wIG2bxqjGLgIbuaASSCNh,0.543,267203,0.951,4wIG2bxqjGLgIbuaASSCNh,0.0168,7,0.207,-4.826,0,0.0721,150.001,4,https://api.spotify.com/v1/tracks/4wIG2bxqjGLgIbuaASSCNh,audio_features,0.261
52,Torture,Crypsis,spotify:track:04kKTLAUI7HVE8qeaCilxI,0.263,https://api.spotify.com/v1/audio-analysis/04kKTLAUI7HVE8qeaCilxI,0.576,281613,0.966,04kKTLAUI7HVE8qeaCilxI,0.0843,5,0.245,-3.161,1,0.115,150.03,4,https://api.spotify.com/v1/tracks/04kKTLAUI7HVE8qeaCilxI,audio_features,0.236
53,Alive!,The Prophet,spotify:track:6LbewtaEfN0k5W8TCLU9Mw,0.00802,https://api.spotify.com/v1/audio-analysis/6LbewtaEfN0k5W8TCLU9Mw,0.625,355372,0.89,6LbewtaEfN0k5W8TCLU9Mw,0.93,7,0.241,-6.7,1,0.0499,150.005,4,https://api.spotify.com/v1/tracks/6LbewtaEfN0k5W8TCLU9Mw,audio_features,0.129
54,Froz3n - Edit,Sound Rush,spotify:track:7LnygUHFEzWCj1dK10ZJCB,0.00384,https://api.spotify.com/v1/audio-analysis/7LnygUHFEzWCj1dK10ZJCB,0.524,206425,0.881,7LnygUHFEzWCj1dK10ZJCB,0.145,8,0.196,-3.806,1,0.0298,149.973,4,https://api.spotify.com/v1/tracks/7LnygUHFEzWCj1dK10ZJCB,audio_features,0.208
55,You're Not Alone - Original,Maxter,spotify:track:3JtHM4eonMJldFr2KRd3yf,0.00381,https://api.spotify.com/v1/audio-analysis/3JtHM4eonMJldFr2KRd3yf,0.598,324800,0.941,3JtHM4eonMJldFr2KRd3yf,0.824,6,0.0536,-5.318,0,0.0645,150.025,4,https://api.spotify.com/v1/tracks/3JtHM4eonMJldFr2KRd3yf,audio_features,0.217
56,You're Not Alone - Original,Maxter,spotify:track:3JtHM4eonMJldFr2KRd3yf,0.00381,https://api.spotify.com/v1/audio-analysis/3JtHM4eonMJldFr2KRd3yf,0.598,324800,0.941,3JtHM4eonMJldFr2KRd3yf,0.824,6,0.0536,-5.318,0,0.0645,150.025,4,https://api.spotify.com/v1/tracks/3JtHM4eonMJldFr2KRd3yf,audio_features,0.217
57,You're Not Alone - Original,Maxter,spotify:track:3JtHM4eonMJldFr2KRd3yf,0.00381,https://api.spotify.com/v1/audio-analysis/3JtHM4eonMJldFr2KRd3yf,0.598,324800,0.941,3JtHM4eonMJldFr2KRd3yf,0.824,6,0.0536,-5.318,0,0.0645,150.025,4,https://api.spotify.com/v1/tracks/3JtHM4eonMJldFr2KRd3yf,audio_features,0.217
58,You're Not Alone - Original,Maxter,spotify:track:3JtHM4eonMJldFr2KRd3yf,0.00381,https://api.spotify.com/v1/audio-analysis/3JtHM4eonMJldFr2KRd3yf,0.598,324800,0.941,3JtHM4eonMJldFr2KRd3yf,0.824,6,0.0536,-5.318,0,0.0645,150.025,4,https://api.spotify.com/v1/tracks/3JtHM4eonMJldFr2KRd3yf,audio_features,0.217
59,Fuck The System (FTS),Showtek,spotify:track:6OFLBWnBNJ0SysFZQwzfeO,0.00269,https://api.spotify.com/v1/audio-analysis/6OFLBWnBNJ0SysFZQwzfeO,0.627,245293,0.993,6OFLBWnBNJ0SysFZQwzfeO,0.00105,6,0.0467,-4.905,0,0.265,150.949,4,https://api.spotify.com/v1/tracks/6OFLBWnBNJ0SysFZQwzfeO,audio_features,0.144
60,Let it Go (Digital Punk Remix) - Radio Edit,AlphaÂ²,spotify:track:20yULWLAy6fHujsCg61BZu,0.0141,https://api.spotify.com/v1/audio-analysis/20yULWLAy6fHujsCg61BZu,0.472,189830,0.96,20yULWLAy6fHujsCg61BZu,0.204,7,0.7,-4.695,0,0.0574,153.016,4,https://api.spotify.com/v1/tracks/20yULWLAy6fHujsCg61BZu,audio_features,0.0496
61,Imaginary - XQ Edit,Brennan Heart,spotify:track:4pE0DKl6u5EvbyruJ2LoFq,0.298,https://api.spotify.com/v1/audio-analysis/4pE0DKl6u5EvbyruJ2LoFq,0.552,192500,0.594,4pE0DKl6u5EvbyruJ2LoFq,6.17e-05,2,0.262,-6.449,1,0.0306,149.907,4,https://api.spotify.com/v1/tracks/4pE0DKl6u5EvbyruJ2LoFq,audio_features,0.287
62,Fire In the Sky,Brennan Heart,spotify:track:1KYOPS225y48zCEGPqg5XY,0.00955,https://api.spotify.com/v1/audio-analysis/1KYOPS225y48zCEGPqg5XY,0.536,191262,0.856,1KYOPS225y48zCEGPqg5XY,3.1e-06,7,0.0918,-4.783,0,0.0403,149.93,4,https://api.spotify.com/v1/tracks/1KYOPS225y48zCEGPqg5XY,audio_features,0.209
63,Loud - Radio Edit,Frontliner,spotify:track:5xREFIMbOXndfbjkXDle4S,0.0084,https://api.spotify.com/v1/audio-analysis/5xREFIMbOXndfbjkXDle4S,0.512,201692,0.786,5xREFIMbOXndfbjkXDle4S,1.22e-06,1,0.35,-4.238,0,0.0288,149.994,4,https://api.spotify.com/v1/tracks/5xREFIMbOXndfbjkXDle4S,audio_features,0.203
64,BassBoom - CD Version,Psyko Punkz,spotify:track:1bivDBb3ekyoKE8hdNknzZ,0.178,https://api.spotify.com/v1/audio-analysis/1bivDBb3ekyoKE8hdNknzZ,0.651,198398,0.864,1bivDBb3ekyoKE8hdNknzZ,0.000744,0,0.0479,-5.165,0,0.0309,149.999,4,https://api.spotify.com/v1/tracks/1bivDBb3ekyoKE8hdNknzZ,audio_features,0.182
65,Colors,Headhunterz,spotify:track:5P442Jm9PtGnuFSF8dhg23,0.0303,https://api.spotify.com/v1/audio-analysis/5P442Jm9PtGnuFSF8dhg23,0.529,202400,0.937,5P442Jm9PtGnuFSF8dhg23,0.000127,5,0.151,-3.397,0,0.0465,149.992,4,https://api.spotify.com/v1/tracks/5P442Jm9PtGnuFSF8dhg23,audio_features,0.545
66,Into The Madness - Radio Edit,Coone,spotify:track:5bWdN13Vj7uy7A57LmJ9Fx,0.0585,https://api.spotify.com/v1/audio-analysis/5bWdN13Vj7uy7A57LmJ9Fx,0.485,212057,0.908,5bWdN13Vj7uy7A57LmJ9Fx,0.0,0,0.0777,-3.416,0,0.109,149.868,4,https://api.spotify.com/v1/tracks/5bWdN13Vj7uy7A57LmJ9Fx,audio_features,0.411
67,So High,Noisecontrollers,spotify:track:2ewJ7QYTgkatmlTOOWJ5Xg,0.00316,https://api.spotify.com/v1/audio-analysis/2ewJ7QYTgkatmlTOOWJ5Xg,0.494,338286,0.992,2ewJ7QYTgkatmlTOOWJ5Xg,0.826,2,0.0969,-3.818,0,0.0452,149.996,4,https://api.spotify.com/v1/tracks/2ewJ7QYTgkatmlTOOWJ5Xg,audio_features,0.801
68,Raise Your Hands - Edit,Audiotricz,spotify:track:2FMOMgDZZkJX1SVaj9t1AL,0.00373,https://api.spotify.com/v1/audio-analysis/2FMOMgDZZkJX1SVaj9t1AL,0.593,168400,0.904,2FMOMgDZZkJX1SVaj9t1AL,3.69e-05,11,0.945,-2.782,0,0.118,149.974,4,https://api.spotify.com/v1/tracks/2FMOMgDZZkJX1SVaj9t1AL,audio_features,0.433
69,Raise Your Hands - Edit,Audiotricz,spotify:track:2FMOMgDZZkJX1SVaj9t1AL,0.00373,https://api.spotify.com/v1/audio-analysis/2FMOMgDZZkJX1SVaj9t1AL,0.593,168400,0.904,2FMOMgDZZkJX1SVaj9t1AL,3.69e-05,11,0.945,-2.782,0,0.118,149.974,4,https://api.spotify.com/v1/tracks/2FMOMgDZZkJX1SVaj9t1AL,audio_features,0.433
70,Raise Your Hands - Edit,Audiotricz,spotify:track:2FMOMgDZZkJX1SVaj9t1AL,0.00373,https://api.spotify.com/v1/audio-analysis/2FMOMgDZZkJX1SVaj9t1AL,0.593,168400,0.904,2FMOMgDZZkJX1SVaj9t1AL,3.69e-05,11,0.945,-2.782,0,0.118,149.974,4,https://api.spotify.com/v1/tracks/2FMOMgDZZkJX1SVaj9t1AL,audio_features,0.433
71,Raise Your Hands - Edit,Audiotricz,spotify:track:2FMOMgDZZkJX1SVaj9t1AL,0.00373,https://api.spotify.com/v1/audio-analysis/2FMOMgDZZkJX1SVaj9t1AL,0.593,168400,0.904,2FMOMgDZZkJX1SVaj9t1AL,3.69e-05,11,0.945,-2.782,0,0.118,149.974,4,https://api.spotify.com/v1/tracks/2FMOMgDZZkJX1SVaj9t1AL,audio_features,0.433
72,Bamboozled - Original Mix,S-Dee,spotify:track:0yROxxtur38N3LJ1vTtFxY,0.0393,https://api.spotify.com/v1/audio-analysis/0yROxxtur38N3LJ1vTtFxY,0.679,308800,0.868,0yROxxtur38N3LJ1vTtFxY,0.698,2,0.557,-6.136,1,0.0835,149.994,4,https://api.spotify.com/v1/tracks/0yROxxtur38N3LJ1vTtFxY,audio_features,0.514
73,Coming Home - Radio Edit,Brennan Heart,spotify:track:2Q0JDDSAu3M0rffZZpCmqb,0.00449,https://api.spotify.com/v1/audio-analysis/2Q0JDDSAu3M0rffZZpCmqb,0.49,182432,0.861,2Q0JDDSAu3M0rffZZpCmqb,1.22e-05,11,0.651,-5.368,0,0.0366,147.985,4,https://api.spotify.com/v1/tracks/2Q0JDDSAu3M0rffZZpCmqb,audio_features,0.462
74,A Different story / Stardust (Mash up) - CD Version,Noisecontrollers,spotify:track:1kIk8McoZus0vFXKpmsYwH,0.00787,https://api.spotify.com/v1/audio-analysis/1kIk8McoZus0vFXKpmsYwH,0.44,208005,0.952,1kIk8McoZus0vFXKpmsYwH,0.0224,0,0.699,-6.069,1,0.0832,149.988,4,https://api.spotify.com/v1/tracks/1kIk8McoZus0vFXKpmsYwH,audio_features,0.194
75,Weekend Warriors (Defqon.1 Anthem 2013) - Original Mix,Frontliner,spotify:track:6wEtmrrWvi4DTOzMbv0bIL,0.011,https://api.spotify.com/v1/audio-analysis/6wEtmrrWvi4DTOzMbv0bIL,0.536,333520,0.953,6wEtmrrWvi4DTOzMbv0bIL,0.0668,1,0.59,-5.033,1,0.0673,74.996,4,https://api.spotify.com/v1/tracks/6wEtmrrWvi4DTOzMbv0bIL,audio_features,0.226
76,Univerze - Radio Edit,Rebourne,spotify:track:6uI17IlHzlDIxeK1A3gYJI,0.214,https://api.spotify.com/v1/audio-analysis/6uI17IlHzlDIxeK1A3gYJI,0.559,210400,0.924,6uI17IlHzlDIxeK1A3gYJI,0.156,7,0.304,-4.061,0,0.035,149.994,4,https://api.spotify.com/v1/tracks/6uI17IlHzlDIxeK1A3gYJI,audio_features,0.39
77,Froz3n,Sound Rush,spotify:track:63F6tVjIajM6AJFZaDAMAZ,0.00869,https://api.spotify.com/v1/audio-analysis/63F6tVjIajM6AJFZaDAMAZ,0.536,304400,0.855,63F6tVjIajM6AJFZaDAMAZ,0.309,0,0.0801,-4.307,0,0.0342,149.946,4,https://api.spotify.com/v1/tracks/63F6tVjIajM6AJFZaDAMAZ,audio_features,0.418
78,Where My Heart Matches The Beat - Radio Edit,Dailucia,spotify:track:2KJnO1kkKx00Hvfp5IiAl7,0.071,https://api.spotify.com/v1/audio-analysis/2KJnO1kkKx00Hvfp5IiAl7,0.546,143398,0.884,2KJnO1kkKx00Hvfp5IiAl7,0.000139,3,0.593,-2.634,0,0.0393,149.938,4,https://api.spotify.com/v1/tracks/2KJnO1kkKx00Hvfp5IiAl7,audio_features,0.493
79,"Blood, Sweat & Tears - Radio Edit",Digital Punk,spotify:track:3qQI4UzC1wSVXVUwKEplQL,0.00278,https://api.spotify.com/v1/audio-analysis/3qQI4UzC1wSVXVUwKEplQL,0.48,211200,0.984,3qQI4UzC1wSVXVUwKEplQL,0.586,1,0.35,-4.221,1,0.172,75.016,4,https://api.spotify.com/v1/tracks/3qQI4UzC1wSVXVUwKEplQL,audio_features,0.0751
80,Laa-Di-Fucking-Daa,Showtek,spotify:track:196IPAQy1PkYP3X9V94yrk,0.011,https://api.spotify.com/v1/audio-analysis/196IPAQy1PkYP3X9V94yrk,0.631,376008,0.947,196IPAQy1PkYP3X9V94yrk,0.113,10,0.0838,-5.14,1,0.0606,146.997,4,https://api.spotify.com/v1/tracks/196IPAQy1PkYP3X9V94yrk,audio_features,0.191
81,Solar,Noisecontrollers,spotify:track:5wb7flScGp2mOew54zppBt,0.00753,https://api.spotify.com/v1/audio-analysis/5wb7flScGp2mOew54zppBt,0.534,201600,0.948,5wb7flScGp2mOew54zppBt,0.0943,10,0.716,-3.6,0,0.0541,150.008,3,https://api.spotify.com/v1/tracks/5wb7flScGp2mOew54zppBt,audio_features,0.326
82,Wait For You - Radio Version,Wasted Penguinz,spotify:track:6kGa4Rd5UgbUGe9Mhimim1,0.0801,https://api.spotify.com/v1/audio-analysis/6kGa4Rd5UgbUGe9Mhimim1,0.466,248053,0.563,6kGa4Rd5UgbUGe9Mhimim1,4.63e-06,4,0.419,-3.324,1,0.028,150.014,4,https://api.spotify.com/v1/tracks/6kGa4Rd5UgbUGe9Mhimim1,audio_features,0.111
83,Alive - Radio Edit,D-Block & S-te-Fan,spotify:track:3kuUhHZRv0p8fE1WTMrg1G,0.294,https://api.spotify.com/v1/audio-analysis/3kuUhHZRv0p8fE1WTMrg1G,0.504,208400,0.859,3kuUhHZRv0p8fE1WTMrg1G,2.43e-05,8,0.0967,-4.326,0,0.0265,149.924,4,https://api.spotify.com/v1/tracks/3kuUhHZRv0p8fE1WTMrg1G,audio_features,0.483
84,Pump the Bass,Daniele Mondello,spotify:track:4ssXdxItVQmsMs9IES27cS,0.0194,https://api.spotify.com/v1/audio-analysis/4ssXdxItVQmsMs9IES27cS,0.815,380891,1.0,4ssXdxItVQmsMs9IES27cS,0.608,9,0.0665,-2.777,1,0.235,149.992,4,https://api.spotify.com/v1/tracks/4ssXdxItVQmsMs9IES27cS,audio_features,0.0368
85,Never Enough - Sound Freakerz Remix,Qrank,spotify:track:1MNly4wXKlJageuviJduts,0.0763,https://api.spotify.com/v1/audio-analysis/1MNly4wXKlJageuviJduts,0.517,261000,0.975,1MNly4wXKlJageuviJduts,0.219,8,0.0737,-4.217,0,0.0493,150.019,4,https://api.spotify.com/v1/tracks/1MNly4wXKlJageuviJduts,audio_features,0.529
86,How Could It Be - Edit,Toneshifterz,spotify:track:2BG3qYOvPY06KBxHx5F6sa,0.0011,https://api.spotify.com/v1/audio-analysis/2BG3qYOvPY06KBxHx5F6sa,0.558,195692,0.938,2BG3qYOvPY06KBxHx5F6sa,0.0245,5,0.802,-3.21,0,0.0466,130.037,4,https://api.spotify.com/v1/tracks/2BG3qYOvPY06KBxHx5F6sa,audio_features,0.59
87,Illumination (Reverze 2015 Anthem) - Original Version,Brennan Heart,spotify:track:5zjavytAxQDHeog3N0albq,0.139,https://api.spotify.com/v1/audio-analysis/5zjavytAxQDHeog3N0albq,0.635,248000,0.925,5zjavytAxQDHeog3N0albq,0.295,9,0.304,-3.291,0,0.111,150.033,4,https://api.spotify.com/v1/tracks/5zjavytAxQDHeog3N0albq,audio_features,0.423
88,Feel So Good Again - NC Edit,Noisecontrollers,spotify:track:7Iy73FDGknK7WhhaIrWiu4,0.00789,https://api.spotify.com/v1/audio-analysis/7Iy73FDGknK7WhhaIrWiu4,0.485,161650,0.881,7Iy73FDGknK7WhhaIrWiu4,4.65e-05,9,0.0771,-3.041,0,0.0534,150.02,4,https://api.spotify.com/v1/tracks/7Iy73FDGknK7WhhaIrWiu4,audio_features,0.437
89,Freedom - Radio Edit,Da Tweekaz,spotify:track:7aroqmlNEylM2VdPhvff5Q,0.0172,https://api.spotify.com/v1/audio-analysis/7aroqmlNEylM2VdPhvff5Q,0.448,215900,0.94,7aroqmlNEylM2VdPhvff5Q,0.116,9,0.297,-4.99,0,0.0516,150.062,4,https://api.spotify.com/v1/tracks/7aroqmlNEylM2VdPhvff5Q,audio_features,0.178
90,Rocket - Jay Cosmic Remix,W&W,spotify:track:2NhSVUFMdlq7RrbzFC6pPN,0.0202,https://api.spotify.com/v1/audio-analysis/2NhSVUFMdlq7RrbzFC6pPN,0.437,192029,0.855,2NhSVUFMdlq7RrbzFC6pPN,0.194,3,0.106,-7.254,0,0.0345,149.993,4,https://api.spotify.com/v1/tracks/2NhSVUFMdlq7RrbzFC6pPN,audio_features,0.107
91,Arcadia - Psyko Punkz Remix,Hardwell,spotify:track:4zCZKsmjvRPB9QTylxdAmB,0.0208,https://api.spotify.com/v1/audio-analysis/4zCZKsmjvRPB9QTylxdAmB,0.48,370154,0.917,4zCZKsmjvRPB9QTylxdAmB,9.01e-06,6,0.127,-4.173,0,0.0936,149.911,4,https://api.spotify.com/v1/tracks/4zCZKsmjvRPB9QTylxdAmB,audio_features,0.341
92,Dare You - Audiotricz Remix,Hardwell,spotify:track:7crfEWfn65QDZ0mc6npfxR,0.0246,https://api.spotify.com/v1/audio-analysis/7crfEWfn65QDZ0mc6npfxR,0.518,280100,0.763,7crfEWfn65QDZ0mc6npfxR,0.000664,9,0.334,-3.456,1,0.0367,149.98,4,https://api.spotify.com/v1/tracks/7crfEWfn65QDZ0mc6npfxR,audio_features,0.203
93,Sally (feat. Harrison) - Frontliner Remix Edit,Hardwell,spotify:track:2ZxOgR9MiiYbkKIt1Iqb5I,0.00276,https://api.spotify.com/v1/audio-analysis/2ZxOgR9MiiYbkKIt1Iqb5I,0.557,327669,0.94,2ZxOgR9MiiYbkKIt1Iqb5I,0.0025,10,0.442,-5.485,0,0.0754,149.994,4,https://api.spotify.com/v1/tracks/2ZxOgR9MiiYbkKIt1Iqb5I,audio_features,0.369
94,Don't Stop the Madness (feat. Fatman Scoop) - Dirtcaps Remix Edit,Hardwell,spotify:track:4jppi10KA5he4J1Dkoo74z,0.00631,https://api.spotify.com/v1/audio-analysis/4jppi10KA5he4J1Dkoo74z,0.656,242411,0.906,4jppi10KA5he4J1Dkoo74z,0.00134,8,0.0956,-6.33,1,0.063,149.972,4,https://api.spotify.com/v1/tracks/4jppi10KA5he4J1Dkoo74z,audio_features,0.205
95,Hystery - Radio Edit,JAGGS,spotify:track:6SYUQLKNvtJFa0ACGNLGGL,0.00075,https://api.spotify.com/v1/audio-analysis/6SYUQLKNvtJFa0ACGNLGGL,0.545,232728,0.909,6SYUQLKNvtJFa0ACGNLGGL,0.555,5,0.393,-3.532,1,0.078,128.039,4,https://api.spotify.com/v1/tracks/6SYUQLKNvtJFa0ACGNLGGL,audio_features,0.0706
96,Warrior (feat. Dirtcaps & Jo Mersa),Carnage,spotify:track:1cry3gsDU6Afeukwm44Q3f,0.257,https://api.spotify.com/v1/audio-analysis/1cry3gsDU6Afeukwm44Q3f,0.477,166000,0.858,1cry3gsDU6Afeukwm44Q3f,1.13e-06,7,0.392,-3.464,0,0.305,159.865,4,https://api.spotify.com/v1/tracks/1cry3gsDU6Afeukwm44Q3f,audio_features,0.398
97,Wake Up Call - Mix Cut,Hardwell,spotify:track:68NGf6eXkXOPEzjmwcK2W4,0.0244,https://api.spotify.com/v1/audio-analysis/68NGf6eXkXOPEzjmwcK2W4,0.435,257925,0.881,68NGf6eXkXOPEzjmwcK2W4,0.639,10,0.111,-2.909,0,0.0738,130.018,4,https://api.spotify.com/v1/tracks/68NGf6eXkXOPEzjmwcK2W4,audio_features,0.147
98,Become,Da Tweekaz,spotify:track:5NCOjDfJjqVvvLBq8YVjnh,0.0826,https://api.spotify.com/v1/audio-analysis/5NCOjDfJjqVvvLBq8YVjnh,0.605,283500,0.795,5NCOjDfJjqVvvLBq8YVjnh,0.000193,1,0.177,-5.71,1,0.0337,149.983,4,https://api.spotify.com/v1/tracks/5NCOjDfJjqVvvLBq8YVjnh,audio_features,0.35
99,Die Hards Only (Q-BASE Anthem 2016),Frequencerz,spotify:track:0CbmZkmugyRNZ5ntecJjeX,0.0174,https://api.spotify.com/v1/audio-analysis/0CbmZkmugyRNZ5ntecJjeX,0.264,179300,0.945,0CbmZkmugyRNZ5ntecJjeX,0.0,0,0.204,-4.006,0,0.148,149.368,4,https://api.spotify.com/v1/tracks/0CbmZkmugyRNZ5ntecJjeX,audio_features,0.262
100,Mellow,Showtek,spotify:track:3NaPSOqHccC4WalcqvORT0,0.0423,https://api.spotify.com/v1/audio-analysis/3NaPSOqHccC4WalcqvORT0,0.564,168000,0.874,3NaPSOqHccC4WalcqvORT0,0.0901,11,0.105,-2.973,0,0.0395,149.996,4,https://api.spotify.com/v1/tracks/3NaPSOqHccC4WalcqvORT0,audio_features,0.402
101,Spaceman - Headhunterz Remix,Hardwell,spotify:track:0vafwkDvYxdW5NkSVp0t3M,0.00181,https://api.spotify.com/v1/audio-analysis/0vafwkDvYxdW5NkSVp0t3M,0.288,342126,0.846,0vafwkDvYxdW5NkSVp0t3M,0.637,6,0.113,-5.925,0,0.0393,127.972,4,https://api.spotify.com/v1/tracks/0vafwkDvYxdW5NkSVp0t3M,audio_features,0.122
102,Follow The Light - Radio Edit,Brennan Heart,spotify:track:3hZ8UYmeLRQ614QT9slgWF,0.0263,https://api.spotify.com/v1/audio-analysis/3hZ8UYmeLRQ614QT9slgWF,0.228,220800,0.735,3hZ8UYmeLRQ614QT9slgWF,2.6e-06,5,0.117,-3.25,0,0.04,147.357,4,https://api.spotify.com/v1/tracks/3hZ8UYmeLRQ614QT9slgWF,audio_features,0.233
103,The Hunt - Radio Edit,Ran-D,spotify:track:1MIgJFf65E7NpulRoeTAlt,0.0087,https://api.spotify.com/v1/audio-analysis/1MIgJFf65E7NpulRoeTAlt,0.322,246724,0.972,1MIgJFf65E7NpulRoeTAlt,1.23e-06,10,0.358,-1.451,0,0.103,112.667,3,https://api.spotify.com/v1/tracks/1MIgJFf65E7NpulRoeTAlt,audio_features,0.268
104,The Game,Noisecontrollers,spotify:track:5TwIcoX73PQpxxvkd1O6Go,0.0361,https://api.spotify.com/v1/audio-analysis/5TwIcoX73PQpxxvkd1O6Go,0.509,222400,0.933,5TwIcoX73PQpxxvkd1O6Go,0.0,10,0.413,-4.484,1,0.402,150.007,4,https://api.spotify.com/v1/tracks/5TwIcoX73PQpxxvkd1O6Go,audio_features,0.213
105,So High - Original Mix,Noisecontrollers,spotify:track:3qciK2CjNKilmoCr0XKL70,0.00271,https://api.spotify.com/v1/audio-analysis/3qciK2CjNKilmoCr0XKL70,0.482,338200,0.993,3qciK2CjNKilmoCr0XKL70,0.85,2,0.0915,-3.821,0,0.0453,149.971,4,https://api.spotify.com/v1/tracks/3qciK2CjNKilmoCr0XKL70,audio_features,0.795
106,Tell Me - Radio Edit,Frontliner,spotify:track:5fMZLYNcUFkBgbotGsY3Ng,0.000771,https://api.spotify.com/v1/audio-analysis/5fMZLYNcUFkBgbotGsY3Ng,0.46,166391,0.866,5fMZLYNcUFkBgbotGsY3Ng,0.0174,9,0.369,-6.497,0,0.0428,150.06,4,https://api.spotify.com/v1/tracks/5fMZLYNcUFkBgbotGsY3Ng,audio_features,0.113
107,Our Last Resort (The Qontinent 2015 Anthem),Zatox,spotify:track:0y0ZyYxd3pr0bOjT5kHNCS,0.0185,https://api.spotify.com/v1/audio-analysis/0y0ZyYxd3pr0bOjT5kHNCS,0.522,220414,0.997,0y0ZyYxd3pr0bOjT5kHNCS,0.0,6,0.381,-2.745,1,0.192,152.092,4,https://api.spotify.com/v1/tracks/0y0ZyYxd3pr0bOjT5kHNCS,audio_features,0.372
108,Lessons In Love - Headhunterz Remix,Kaskade,spotify:track:7h6cpqzmmYvuWa8ev1sufe,0.0549,https://api.spotify.com/v1/audio-analysis/7h6cpqzmmYvuWa8ev1sufe,0.486,408000,0.86,7h6cpqzmmYvuWa8ev1sufe,0.0147,7,0.65,-4.098,1,0.0537,150.003,4,https://api.spotify.com/v1/tracks/7h6cpqzmmYvuWa8ev1sufe,audio_features,0.41
109,Lost In Paradise - Edit,Max Enforcer,spotify:track:10WobHNbDyqUBpSc2tfw8m,0.0148,https://api.spotify.com/v1/audio-analysis/10WobHNbDyqUBpSc2tfw8m,0.478,192000,0.957,10WobHNbDyqUBpSc2tfw8m,0.000351,0,0.309,-2.994,0,0.0451,149.992,4,https://api.spotify.com/v1/tracks/10WobHNbDyqUBpSc2tfw8m,audio_features,0.278
110,Year of Summer (feat. Niels Geusebroek) - Radio Edit,Wildstylez,spotify:track:1YT4DY3Xs9HdjBYa5PAwLu,0.217,https://api.spotify.com/v1/audio-analysis/1YT4DY3Xs9HdjBYa5PAwLu,0.578,174400,0.888,1YT4DY3Xs9HdjBYa5PAwLu,0.000583,9,0.294,-5.573,0,0.0506,149.883,4,https://api.spotify.com/v1/tracks/1YT4DY3Xs9HdjBYa5PAwLu,audio_features,0.378
111,A New Dimension,Zatox,spotify:track:2kKFtrtsn8GsG2cpHtxgtR,0.0026,https://api.spotify.com/v1/audio-analysis/2kKFtrtsn8GsG2cpHtxgtR,0.574,368000,0.953,2kKFtrtsn8GsG2cpHtxgtR,0.0609,1,0.092,-6.153,1,0.123,150.021,4,https://api.spotify.com/v1/tracks/2kKFtrtsn8GsG2cpHtxgtR,audio_features,0.193
112,Living For The Moment,Ran-D,spotify:track:2exyJyZmQAyLKuxEy4IVPh,0.00221,https://api.spotify.com/v1/audio-analysis/2exyJyZmQAyLKuxEy4IVPh,0.608,464015,0.834,2exyJyZmQAyLKuxEy4IVPh,0.00164,7,0.0629,-4.488,1,0.064,149.998,4,https://api.spotify.com/v1/tracks/2exyJyZmQAyLKuxEy4IVPh,audio_features,0.122
113,The Groove,Da Tweekaz,spotify:track:5Q6UOHCrldor9r2J3hl824,0.0154,https://api.spotify.com/v1/audio-analysis/5Q6UOHCrldor9r2J3hl824,0.619,352204,0.897,5Q6UOHCrldor9r2J3hl824,0.807,6,0.304,-8.558,1,0.0521,150.035,4,https://api.spotify.com/v1/tracks/5Q6UOHCrldor9r2J3hl824,audio_features,0.62
114,Zombie Killer - Original,Coone,spotify:track:4K1Labz3Azs9Z9wbxiCpvG,0.0679,https://api.spotify.com/v1/audio-analysis/4K1Labz3Azs9Z9wbxiCpvG,0.508,350800,0.99,4K1Labz3Azs9Z9wbxiCpvG,3.42e-05,7,0.0569,-3.652,1,0.0865,150.001,4,https://api.spotify.com/v1/tracks/4K1Labz3Azs9Z9wbxiCpvG,audio_features,0.151
115,Higher - Radio Edit,Demi Kanon,spotify:track:6ZW4RtwOTIOA9f105cUOTZ,0.0611,https://api.spotify.com/v1/audio-analysis/6ZW4RtwOTIOA9f105cUOTZ,0.549,227040,0.879,6ZW4RtwOTIOA9f105cUOTZ,8.64e-05,0,0.336,-6.186,1,0.0431,148.031,4,https://api.spotify.com/v1/tracks/6ZW4RtwOTIOA9f105cUOTZ,audio_features,0.285
116,The Final Enemy - Original Mix,Sound Rush,spotify:track:1GzHpsb4MgNtav8TdiqVOn,0.00299,https://api.spotify.com/v1/audio-analysis/1GzHpsb4MgNtav8TdiqVOn,0.333,326975,0.981,1GzHpsb4MgNtav8TdiqVOn,0.336,7,0.0702,-3.909,1,0.13,149.938,4,https://api.spotify.com/v1/tracks/1GzHpsb4MgNtav8TdiqVOn,audio_features,0.148
117,Spark - Radio Version,In-Phase,spotify:track:58LcP8XdCAgeqP0AdXnTp4,0.00114,https://api.spotify.com/v1/audio-analysis/58LcP8XdCAgeqP0AdXnTp4,0.565,182500,0.954,58LcP8XdCAgeqP0AdXnTp4,0.0832,1,0.336,-3.72,1,0.0671,150.056,4,https://api.spotify.com/v1/tracks/58LcP8XdCAgeqP0AdXnTp4,audio_features,0.3
118,Voodoo,Da Tweekaz,spotify:track:64riB16B0tLcZSwWrcF3y2,0.00747,https://api.spotify.com/v1/audio-analysis/64riB16B0tLcZSwWrcF3y2,0.604,361474,0.934,64riB16B0tLcZSwWrcF3y2,0.322,2,0.0455,-4.798,1,0.073,149.998,4,https://api.spotify.com/v1/tracks/64riB16B0tLcZSwWrcF3y2,audio_features,0.433
119,Back To The Roots - Radio Edit,Sound Rush,spotify:track:1VwLK6r287mUqh3U1XBYlN,0.0312,https://api.spotify.com/v1/audio-analysis/1VwLK6r287mUqh3U1XBYlN,0.513,207821,0.783,1VwLK6r287mUqh3U1XBYlN,0.000246,1,0.145,-5.85,1,0.0399,112.543,3,https://api.spotify.com/v1/tracks/1VwLK6r287mUqh3U1XBYlN,audio_features,0.157
120,Burn It Down - The Un4given Remix,LNY TNZ,spotify:track:0qQihddqrE7dpPQo4cYBq7,0.0113,https://api.spotify.com/v1/audio-analysis/0qQihddqrE7dpPQo4cYBq7,0.565,289612,0.88,0qQihddqrE7dpPQo4cYBq7,1.77e-05,1,0.0842,-6.06,0,0.0498,149.943,4,https://api.spotify.com/v1/tracks/0qQihddqrE7dpPQo4cYBq7,audio_features,0.381
121,Symbols - Q-Base Anthem,Frontliner,spotify:track:4oIXvfwW9lEOCHt0J7R8OA,0.0417,https://api.spotify.com/v1/audio-analysis/4oIXvfwW9lEOCHt0J7R8OA,0.598,360125,0.869,4oIXvfwW9lEOCHt0J7R8OA,0.0155,6,0.245,-4.65,1,0.0765,149.973,4,https://api.spotify.com/v1/tracks/4oIXvfwW9lEOCHt0J7R8OA,audio_features,0.315
122,Halos - Edit,Frontliner,spotify:track:3ZofBN4FoNuRlBqRN2q9Mg,0.141,https://api.spotify.com/v1/audio-analysis/3ZofBN4FoNuRlBqRN2q9Mg,0.544,203037,0.873,3ZofBN4FoNuRlBqRN2q9Mg,0.146,1,0.09,-6.811,0,0.0348,150.02,4,https://api.spotify.com/v1/tracks/3ZofBN4FoNuRlBqRN2q9Mg,audio_features,0.658
123,Trippy Hippie,Psyko Punkz,spotify:track:74DLA5PICFjymf9xqwgnRK,0.00532,https://api.spotify.com/v1/audio-analysis/74DLA5PICFjymf9xqwgnRK,0.591,317569,0.907,74DLA5PICFjymf9xqwgnRK,6.1e-05,9,0.0704,-3.321,0,0.0533,150.082,4,https://api.spotify.com/v1/tracks/74DLA5PICFjymf9xqwgnRK,audio_features,0.531
124,Save the Day - Radio Edit,Bass Modulators,spotify:track:4oEKUBEgNaxREsHvnxnkRA,0.0146,https://api.spotify.com/v1/audio-analysis/4oEKUBEgNaxREsHvnxnkRA,0.529,189700,0.875,4oEKUBEgNaxREsHvnxnkRA,0.000145,10,0.0872,-2.543,0,0.0348,149.986,4,https://api.spotify.com/v1/tracks/4oEKUBEgNaxREsHvnxnkRA,audio_features,0.847
125,Built This City - Radio Version,D-Block & S-te-Fan,spotify:track:5S5FDWrrSrvJQpOOuORsNk,0.0486,https://api.spotify.com/v1/audio-analysis/5S5FDWrrSrvJQpOOuORsNk,0.465,182800,0.898,5S5FDWrrSrvJQpOOuORsNk,9.98e-06,0,0.194,-1.917,0,0.035,150.21,4,https://api.spotify.com/v1/tracks/5S5FDWrrSrvJQpOOuORsNk,audio_features,0.544
126,Lessons In Love - Headhunterz Remix Radio Edit,Kaskade,spotify:track:0OiB8C5GNSBuyyZPsEsmhs,0.073,https://api.spotify.com/v1/audio-analysis/0OiB8C5GNSBuyyZPsEsmhs,0.47,182578,0.893,0OiB8C5GNSBuyyZPsEsmhs,0.00297,11,0.333,-3.855,0,0.0435,149.898,4,https://api.spotify.com/v1/tracks/0OiB8C5GNSBuyyZPsEsmhs,audio_features,0.6
127,Love This Life,Psyko Punkz,spotify:track:20R29Wew04LyZEjLNlcPtV,0.128,https://api.spotify.com/v1/audio-analysis/20R29Wew04LyZEjLNlcPtV,0.359,292088,0.898,20R29Wew04LyZEjLNlcPtV,0.305,11,0.0358,-4.777,0,0.0629,144.97,4,https://api.spotify.com/v1/tracks/20R29Wew04LyZEjLNlcPtV,audio_features,0.278
128,Starting Over,Code Black,spotify:track:7uGBB2kOMToO0KArfaWn7e,0.0236,https://api.spotify.com/v1/audio-analysis/7uGBB2kOMToO0KArfaWn7e,0.564,192800,0.953,7uGBB2kOMToO0KArfaWn7e,0.0,10,0.165,-2.886,1,0.0482,150.026,3,https://api.spotify.com/v1/tracks/7uGBB2kOMToO0KArfaWn7e,audio_features,0.573
129,Nuclear - Dillon Francis Remix,Dillon Francis,spotify:track:3We4iqx2RvTFNJ2g3ENrkX,0.00169,https://api.spotify.com/v1/audio-analysis/3We4iqx2RvTFNJ2g3ENrkX,0.389,193793,0.964,3We4iqx2RvTFNJ2g3ENrkX,0.000355,4,0.208,-3.269,0,0.312,98.134,4,https://api.spotify.com/v1/tracks/3We4iqx2RvTFNJ2g3ENrkX,audio_features,0.585
130,The Project,Sub Zero Project,spotify:track:2fQcm2pX0XQjOrLxAdYxJJ,0.0006,https://api.spotify.com/v1/audio-analysis/2fQcm2pX0XQjOrLxAdYxJJ,0.446,245110,0.914,2fQcm2pX0XQjOrLxAdYxJJ,0.000423,1,0.348,-6.886,1,0.134,149.887,4,https://api.spotify.com/v1/tracks/2fQcm2pX0XQjOrLxAdYxJJ,audio_features,0.0688
131,Doutzen - Extended Mix,Psyko Punkz,spotify:track:0A3EajJEexwcw2GSVNXN4p,0.0111,https://api.spotify.com/v1/audio-analysis/0A3EajJEexwcw2GSVNXN4p,0.588,366400,0.955,0A3EajJEexwcw2GSVNXN4p,0.0214,0,0.0758,-3.484,0,0.0795,149.981,4,https://api.spotify.com/v1/tracks/0A3EajJEexwcw2GSVNXN4p,audio_features,0.499
132,Reawakening - Radio Edit,Atmozfears,spotify:track:2q7mtEoPfo0oYVEVYPMVtI,0.00456,https://api.spotify.com/v1/audio-analysis/2q7mtEoPfo0oYVEVYPMVtI,0.519,181212,0.905,2q7mtEoPfo0oYVEVYPMVtI,0.0,5,0.261,-5.922,0,0.0705,149.943,4,https://api.spotify.com/v1/tracks/2q7mtEoPfo0oYVEVYPMVtI,audio_features,0.662
133,Caramba - Radio Edit,The Prophet,spotify:track:3eUVwMrKjwdUiTAt1MjnSF,0.0106,https://api.spotify.com/v1/audio-analysis/3eUVwMrKjwdUiTAt1MjnSF,0.689,236800,0.844,3eUVwMrKjwdUiTAt1MjnSF,0.000627,3,0.635,-4.553,1,0.13,149.921,4,https://api.spotify.com/v1/tracks/3eUVwMrKjwdUiTAt1MjnSF,audio_features,0.565
134,Stand My Ground - Radio Edit,Energyzed,spotify:track:4moqmS4p70MNOaPURPUelJ,0.0118,https://api.spotify.com/v1/audio-analysis/4moqmS4p70MNOaPURPUelJ,0.415,246600,0.908,4moqmS4p70MNOaPURPUelJ,0.0,7,0.327,-4.167,1,0.0635,149.887,4,https://api.spotify.com/v1/tracks/4moqmS4p70MNOaPURPUelJ,audio_features,0.0918
135,Pandora - Yearmix Edit,Code Black,spotify:track:5XaUpyRqRKv6oQWGtjLktx,0.0709,https://api.spotify.com/v1/audio-analysis/5XaUpyRqRKv6oQWGtjLktx,0.425,278800,0.922,5XaUpyRqRKv6oQWGtjLktx,0.0167,5,0.197,-2.816,0,0.131,149.937,3,https://api.spotify.com/v1/tracks/5XaUpyRqRKv6oQWGtjLktx,audio_features,0.365
136,I'm Alive,DJ Stephanie,spotify:track:2O9iX8yaCkELT5AGqwE14X,0.00115,https://api.spotify.com/v1/audio-analysis/2O9iX8yaCkELT5AGqwE14X,0.417,217600,0.875,2O9iX8yaCkELT5AGqwE14X,0.551,7,0.285,-4.499,1,0.0436,149.974,4,https://api.spotify.com/v1/tracks/2O9iX8yaCkELT5AGqwE14X,audio_features,0.229
137,The Meaning - Original Mix,Envine,spotify:track:71ITZ2LRx7hgMa8YJfGysj,0.0245,https://api.spotify.com/v1/audio-analysis/71ITZ2LRx7hgMa8YJfGysj,0.487,272241,0.888,71ITZ2LRx7hgMa8YJfGysj,6.65e-06,1,0.235,-2.831,0,0.05,150.03,4,https://api.spotify.com/v1/tracks/71ITZ2LRx7hgMa8YJfGysj,audio_features,0.408
138,Never Back Down,Aylen Parks,spotify:track:5nRHhhKyuKmGa0udjRkKoO,0.0161,https://api.spotify.com/v1/audio-analysis/5nRHhhKyuKmGa0udjRkKoO,0.674,196289,0.948,5nRHhhKyuKmGa0udjRkKoO,2.4e-06,7,0.723,-2.233,0,0.108,128.001,4,https://api.spotify.com/v1/tracks/5nRHhhKyuKmGa0udjRkKoO,audio_features,0.186
139,Byte,Martin Garrix,spotify:track:20hsdn8oITBsuWNLhzr5eh,0.000636,https://api.spotify.com/v1/audio-analysis/20hsdn8oITBsuWNLhzr5eh,0.597,285089,0.931,20hsdn8oITBsuWNLhzr5eh,0.821,7,0.0593,-4.026,0,0.0329,128.031,4,https://api.spotify.com/v1/tracks/20hsdn8oITBsuWNLhzr5eh,audio_features,0.267
140,Lockdown,LoaX,spotify:track:35a4vG2DduM0wkABJqh2BC,0.00833,https://api.spotify.com/v1/audio-analysis/35a4vG2DduM0wkABJqh2BC,0.521,167812,0.986,35a4vG2DduM0wkABJqh2BC,0.522,7,0.365,-4.88,1,0.122,128.009,4,https://api.spotify.com/v1/tracks/35a4vG2DduM0wkABJqh2BC,audio_features,0.163
141,Parallel Lines - Club Mix,Jewelz & Sparks,spotify:track:2Klw0WuNd3FZczrzVQtISv,0.0425,https://api.spotify.com/v1/audio-analysis/2Klw0WuNd3FZczrzVQtISv,0.497,205312,0.938,2Klw0WuNd3FZczrzVQtISv,0.0,4,0.148,-2.966,0,0.244,127.936,4,https://api.spotify.com/v1/tracks/2Klw0WuNd3FZczrzVQtISv,audio_features,0.0965
142,Save Me,Sephyx,spotify:track:1TL8ru5Pqy0VREiTa5gdRR,0.0405,https://api.spotify.com/v1/audio-analysis/1TL8ru5Pqy0VREiTa5gdRR,0.407,173621,0.828,1TL8ru5Pqy0VREiTa5gdRR,0.101,2,0.462,-4.113,0,0.0365,149.89,4,https://api.spotify.com/v1/tracks/1TL8ru5Pqy0VREiTa5gdRR,audio_features,0.158
143,Protest Of Indignation,Digital Punk,spotify:track:45XIXQT8qskHuNhmoVocjT,0.336,https://api.spotify.com/v1/audio-analysis/45XIXQT8qskHuNhmoVocjT,0.409,169374,0.964,45XIXQT8qskHuNhmoVocjT,0.0539,7,0.323,-5.219,1,0.12,152.918,4,https://api.spotify.com/v1/tracks/45XIXQT8qskHuNhmoVocjT,audio_features,0.26
144,Unite - Defqon1 Anthem 2011,Noisecontrollers,spotify:track:0XOA5F6BHSLfXKAOrejCID,0.0121,https://api.spotify.com/v1/audio-analysis/0XOA5F6BHSLfXKAOrejCID,0.519,410400,0.896,0XOA5F6BHSLfXKAOrejCID,0.21,5,0.35,-6.46,0,0.059,150.108,4,https://api.spotify.com/v1/tracks/0XOA5F6BHSLfXKAOrejCID,audio_features,0.404
145,Spaceship,Psyko Punkz,spotify:track:1g68WlxxzI2XhtYBQFlHzn,0.23,https://api.spotify.com/v1/audio-analysis/1g68WlxxzI2XhtYBQFlHzn,0.577,204000,0.875,1g68WlxxzI2XhtYBQFlHzn,0.0261,5,0.144,-4.164,0,0.0378,150.036,4,https://api.spotify.com/v1/tracks/1g68WlxxzI2XhtYBQFlHzn,audio_features,0.539
146,Bad Habit - Radio Version,Da Tweekaz,spotify:track:01Ipr1M440sbRnficeJKVS,0.0227,https://api.spotify.com/v1/audio-analysis/01Ipr1M440sbRnficeJKVS,0.504,270800,0.959,01Ipr1M440sbRnficeJKVS,0.0132,7,0.205,-4.634,0,0.0404,149.936,4,https://api.spotify.com/v1/tracks/01Ipr1M440sbRnficeJKVS,audio_features,0.47
147,Plata O Plomo - Radio Edit,Gunz For Hire,spotify:track:5KFsZYQSrR3yjm4r6ULPvn,0.0339,https://api.spotify.com/v1/audio-analysis/5KFsZYQSrR3yjm4r6ULPvn,0.53,193646,0.896,5KFsZYQSrR3yjm4r6ULPvn,6.87e-05,1,0.08,-4.055,1,0.0838,150.097,4,https://api.spotify.com/v1/tracks/5KFsZYQSrR3yjm4r6ULPvn,audio_features,0.128
148,This is Los Angeles - Radio Edit,Gunz For Hire,spotify:track:7GQmHduf6lCVI1uBGrP25P,0.0234,https://api.spotify.com/v1/audio-analysis/7GQmHduf6lCVI1uBGrP25P,0.569,260800,0.979,7GQmHduf6lCVI1uBGrP25P,0.357,1,0.118,-3.27,0,0.128,150.021,4,https://api.spotify.com/v1/tracks/7GQmHduf6lCVI1uBGrP25P,audio_features,0.211
149,Don't Stop Rockin',Brennan Heart,spotify:track:1kj9ngMOs5a7vpxosAebfH,0.0673,https://api.spotify.com/v1/audio-analysis/1kj9ngMOs5a7vpxosAebfH,0.573,185600,0.918,1kj9ngMOs5a7vpxosAebfH,0.000112,1,0.27,-3.888,1,0.133,150.011,4,https://api.spotify.com/v1/tracks/1kj9ngMOs5a7vpxosAebfH,audio_features,0.0856
150,D.W.X. (10 Years Dirty Workz Mix),Coone,spotify:track:1dPsNFwXnM126wXT27dyOl,0.00723,https://api.spotify.com/v1/audio-analysis/1dPsNFwXnM126wXT27dyOl,0.537,321968,0.952,1dPsNFwXnM126wXT27dyOl,0.054,0,0.307,-3.72,1,0.0676,149.955,4,https://api.spotify.com/v1/tracks/1dPsNFwXnM126wXT27dyOl,audio_features,0.335
151,Inception,Audiotricz,spotify:track:0bc0j5sGkwjo6E81JwGJCd,0.0434,https://api.spotify.com/v1/audio-analysis/0bc0j5sGkwjo6E81JwGJCd,0.403,172200,0.892,0bc0j5sGkwjo6E81JwGJCd,5.38e-05,0,0.262,-5.346,0,0.0794,74.932,4,https://api.spotify.com/v1/tracks/0bc0j5sGkwjo6E81JwGJCd,audio_features,0.109
152,Dragonblood (Defqon.1 Australia Anthem 2016),Audiofreq,spotify:track:7sLRer7EyvEYEqmEMJ7hxX,0.00775,https://api.spotify.com/v1/audio-analysis/7sLRer7EyvEYEqmEMJ7hxX,0.538,347200,0.982,7sLRer7EyvEYEqmEMJ7hxX,0.00322,5,0.192,-2.299,0,0.119,149.949,4,https://api.spotify.com/v1/tracks/7sLRer7EyvEYEqmEMJ7hxX,audio_features,0.215
153,Don't Let Go,Deetox,spotify:track:1L1ZIMaRToQOTEsW37HCUt,0.573,https://api.spotify.com/v1/audio-analysis/1L1ZIMaRToQOTEsW37HCUt,0.436,181161,0.935,1L1ZIMaRToQOTEsW37HCUt,0.0361,6,0.47,-2.859,0,0.128,155.061,4,https://api.spotify.com/v1/tracks/1L1ZIMaRToQOTEsW37HCUt,audio_features,0.154
154,Make The Crowd Move - Edit,Wildstylez,spotify:track:2s8iyIvgoORYcmjSDzhvOt,0.00282,https://api.spotify.com/v1/audio-analysis/2s8iyIvgoORYcmjSDzhvOt,0.49,266161,0.964,2s8iyIvgoORYcmjSDzhvOt,0.0982,9,0.248,-4.502,0,0.112,148.01,4,https://api.spotify.com/v1/tracks/2s8iyIvgoORYcmjSDzhvOt,audio_features,0.0879
155,Apollo - Dr Phunk Remix,Hardwell,spotify:track:71KexJPDNV9o5mEl869ddV,0.00191,https://api.spotify.com/v1/audio-analysis/71KexJPDNV9o5mEl869ddV,0.458,221600,0.94,71KexJPDNV9o5mEl869ddV,3.68e-05,2,0.46,-4.125,1,0.0557,149.986,4,https://api.spotify.com/v1/tracks/71KexJPDNV9o5mEl869ddV,audio_features,0.155
156,Mantra,Bass Modulators,spotify:track:3P0uKnNjU90Rrl0Ygg3QfH,0.00111,https://api.spotify.com/v1/audio-analysis/3P0uKnNjU90Rrl0Ygg3QfH,0.448,232000,0.949,3P0uKnNjU90Rrl0Ygg3QfH,0.00461,5,0.308,-2.124,0,0.0772,150.086,4,https://api.spotify.com/v1/tracks/3P0uKnNjU90Rrl0Ygg3QfH,audio_features,0.114
157,Believer - Frontliner Remix,Showtek,spotify:track:0h8fQ5i6G9zJ4ICGco8ny6,0.00863,https://api.spotify.com/v1/audio-analysis/0h8fQ5i6G9zJ4ICGco8ny6,0.533,229500,0.88,0h8fQ5i6G9zJ4ICGco8ny6,0.0161,8,0.142,-6.398,0,0.0831,150.044,4,https://api.spotify.com/v1/tracks/0h8fQ5i6G9zJ4ICGco8ny6,audio_features,0.503
158,Tomorrow - Radio Version,Da Tweekaz,spotify:track:46HFK0ZqX2aByyV7pkSQI6,0.0502,https://api.spotify.com/v1/audio-analysis/46HFK0ZqX2aByyV7pkSQI6,0.468,186553,0.906,46HFK0ZqX2aByyV7pkSQI6,0.0,9,0.109,-3.416,0,0.0975,150.04,4,https://api.spotify.com/v1/tracks/46HFK0ZqX2aByyV7pkSQI6,audio_features,0.442
159,Back At 'Em,Max Enforcer,spotify:track:7Ikku1LokuScYsE1oeNTVI,0.00175,https://api.spotify.com/v1/audio-analysis/7Ikku1LokuScYsE1oeNTVI,0.499,233600,0.982,7Ikku1LokuScYsE1oeNTVI,0.276,1,0.121,-3.354,0,0.269,150.0,4,https://api.spotify.com/v1/tracks/7Ikku1LokuScYsE1oeNTVI,audio_features,0.4
160,Fucked Up in the Head,Skinrush,spotify:track:0DRZ5WupdRrNdUHMs2jGBI,0.31,https://api.spotify.com/v1/audio-analysis/0DRZ5WupdRrNdUHMs2jGBI,0.506,311217,0.871,0DRZ5WupdRrNdUHMs2jGBI,0.00967,8,0.0676,-4.666,0,0.144,180.002,4,https://api.spotify.com/v1/tracks/0DRZ5WupdRrNdUHMs2jGBI,audio_features,0.252
161,Death Awaits,Skinrush,spotify:track:4TRzV90XWnXUA2F6tGqOX7,0.393,https://api.spotify.com/v1/audio-analysis/4TRzV90XWnXUA2F6tGqOX7,0.507,383829,0.99,4TRzV90XWnXUA2F6tGqOX7,0.125,8,0.175,-4.48,1,0.111,173.982,4,https://api.spotify.com/v1/tracks/4TRzV90XWnXUA2F6tGqOX7,audio_features,0.178
162,Giving In,ElementD,spotify:track:4NDW1oDOBukfZYS9LEtcFZ,0.0536,https://api.spotify.com/v1/audio-analysis/4NDW1oDOBukfZYS9LEtcFZ,0.499,228000,0.861,4NDW1oDOBukfZYS9LEtcFZ,4.55e-05,3,0.0941,-5.347,1,0.0432,150.01,4,https://api.spotify.com/v1/tracks/4NDW1oDOBukfZYS9LEtcFZ,audio_features,0.2
163,Elevation - Radio Edit,Ecstatic,spotify:track:2RFRyThUQBl8rc6hNgLuZX,0.181,https://api.spotify.com/v1/audio-analysis/2RFRyThUQBl8rc6hNgLuZX,0.512,196000,0.893,2RFRyThUQBl8rc6hNgLuZX,0.0601,0,0.348,-5.435,0,0.0401,149.988,4,https://api.spotify.com/v1/tracks/2RFRyThUQBl8rc6hNgLuZX,audio_features,0.435
164,United Kids of the World (feat. Krewella),Headhunterz,spotify:track:61Cx5cbYUgDTA2m4SuKJ37,0.0345,https://api.spotify.com/v1/audio-analysis/61Cx5cbYUgDTA2m4SuKJ37,0.568,256000,0.939,61Cx5cbYUgDTA2m4SuKJ37,2.61e-06,7,0.107,-1.943,1,0.0476,149.997,4,https://api.spotify.com/v1/tracks/61Cx5cbYUgDTA2m4SuKJ37,audio_features,0.299
165,Falling To Forever - Edit,Wildstylez,spotify:track:0gqS5u1gjGuib3Ski2OEOJ,0.0402,https://api.spotify.com/v1/audio-analysis/0gqS5u1gjGuib3Ski2OEOJ,0.509,208673,0.823,0gqS5u1gjGuib3Ski2OEOJ,0.0,1,0.234,-4.656,1,0.0834,146.926,4,https://api.spotify.com/v1/tracks/0gqS5u1gjGuib3Ski2OEOJ,audio_features,0.512
166,Find You - Original Mix,Adrenalize,spotify:track:4KbjcSqYGv2LPD4L6zQcO0,0.00972,https://api.spotify.com/v1/audio-analysis/4KbjcSqYGv2LPD4L6zQcO0,0.519,271577,0.936,4KbjcSqYGv2LPD4L6zQcO0,0.000653,3,0.348,-3.748,1,0.0494,147.952,4,https://api.spotify.com/v1/tracks/4KbjcSqYGv2LPD4L6zQcO0,audio_features,0.796
167,Destiny,Headhunterz,spotify:track:05yYceDA8edH0L98bYCQOs,0.0622,https://api.spotify.com/v1/audio-analysis/05yYceDA8edH0L98bYCQOs,0.567,179600,0.791,05yYceDA8edH0L98bYCQOs,0.0117,5,0.112,-4.631,0,0.0772,149.903,4,https://api.spotify.com/v1/tracks/05yYceDA8edH0L98bYCQOs,audio_features,0.16
168,Sniper,Coone,spotify:track:2mRA7Zf6qjjzCnRMBF0qGw,0.0127,https://api.spotify.com/v1/audio-analysis/2mRA7Zf6qjjzCnRMBF0qGw,0.463,219331,0.958,2mRA7Zf6qjjzCnRMBF0qGw,2.34e-06,6,0.0707,-4.331,0,0.0678,74.98,4,https://api.spotify.com/v1/tracks/2mRA7Zf6qjjzCnRMBF0qGw,audio_features,0.372
169,If Only I Could - Radio Edit,Brooks,spotify:track:6VmCNmp0LeKvZWV3PQQyna,0.00169,https://api.spotify.com/v1/audio-analysis/6VmCNmp0LeKvZWV3PQQyna,0.636,261982,0.923,6VmCNmp0LeKvZWV3PQQyna,0.00378,3,0.208,-3.274,0,0.0509,128.029,4,https://api.spotify.com/v1/tracks/6VmCNmp0LeKvZWV3PQQyna,audio_features,0.143
170,Like Your Style - CD Version,Unknown Analoq,spotify:track:4NzespcjRlZ0Yj2WpvnIpk,0.00686,https://api.spotify.com/v1/audio-analysis/4NzespcjRlZ0Yj2WpvnIpk,0.448,251418,0.853,4NzespcjRlZ0Yj2WpvnIpk,8.28e-05,0,0.68,-3.524,0,0.0472,149.645,4,https://api.spotify.com/v1/tracks/4NzespcjRlZ0Yj2WpvnIpk,audio_features,0.0921
171,Zombie,Ran-D,spotify:track:4VjlsvbmJoDmgVCLJI78kL,0.0542,https://api.spotify.com/v1/audio-analysis/4VjlsvbmJoDmgVCLJI78kL,0.436,289549,0.869,4VjlsvbmJoDmgVCLJI78kL,0.0,4,0.0979,-2.473,0,0.0615,155.051,4,https://api.spotify.com/v1/tracks/4VjlsvbmJoDmgVCLJI78kL,audio_features,0.0383
172,Sparks (Turn off your Mind) - Atmozfears & Audiotricz Remix Radio Version,Fedde Le Grand,spotify:track:1cj6nhiReF4ZDRVa9iF4jo,0.00188,https://api.spotify.com/v1/audio-analysis/1cj6nhiReF4ZDRVa9iF4jo,0.417,169404,0.87,1cj6nhiReF4ZDRVa9iF4jo,0.000183,3,0.129,-4.668,1,0.0337,149.951,4,https://api.spotify.com/v1/tracks/1cj6nhiReF4ZDRVa9iF4jo,audio_features,0.384
173,One - Album Edit,Wildstylez,spotify:track:4DYgSG7OSTyFuuSQvsXomn,0.0343,https://api.spotify.com/v1/audio-analysis/4DYgSG7OSTyFuuSQvsXomn,0.535,205345,0.812,4DYgSG7OSTyFuuSQvsXomn,1.25e-06,0,0.205,-3.825,0,0.045,145.109,4,https://api.spotify.com/v1/tracks/4DYgSG7OSTyFuuSQvsXomn,audio_features,0.499
174,Angels & Demons,Ghost Stories,spotify:track:0YVx5YZIgfYHzlq19hqDeE,0.0951,https://api.spotify.com/v1/audio-analysis/0YVx5YZIgfYHzlq19hqDeE,0.485,179200,0.772,0YVx5YZIgfYHzlq19hqDeE,2e-06,4,0.105,-2.966,0,0.0293,150.111,4,https://api.spotify.com/v1/tracks/0YVx5YZIgfYHzlq19hqDeE,audio_features,0.203
175,The Calling (Da Tweekaz Remix),TheFatRat,spotify:track:4aRwjepcGUhXP5MLOncvdT,0.125,https://api.spotify.com/v1/audio-analysis/4aRwjepcGUhXP5MLOncvdT,0.31,228285,0.686,4aRwjepcGUhXP5MLOncvdT,4.14e-06,11,0.082,-5.09,0,0.042,148.646,4,https://api.spotify.com/v1/tracks/4aRwjepcGUhXP5MLOncvdT,audio_features,0.0967
176,Great Spirit - Wildstylez Remix,Armin van Buuren,spotify:track:5DOL2R736GPvEL6yE05n4R,0.00351,https://api.spotify.com/v1/audio-analysis/5DOL2R736GPvEL6yE05n4R,0.276,236000,0.942,5DOL2R736GPvEL6yE05n4R,0.0511,11,0.454,-5.882,0,0.172,149.982,4,https://api.spotify.com/v1/tracks/5DOL2R736GPvEL6yE05n4R,audio_features,0.0509
177,Tonight Will Never Die - Edit,Code Black,spotify:track:3UGr8EgGKg7q8uqTEIFJRU,0.00397,https://api.spotify.com/v1/audio-analysis/3UGr8EgGKg7q8uqTEIFJRU,0.491,182400,0.903,3UGr8EgGKg7q8uqTEIFJRU,5.1e-05,9,0.837,-2.916,0,0.0419,150.009,4,https://api.spotify.com/v1/tracks/3UGr8EgGKg7q8uqTEIFJRU,audio_features,0.219
178,Heaven - DJ Isaac Remix,Dash Berlin,spotify:track:6If6tXpbwYs5zBop1AqfwG,0.0251,https://api.spotify.com/v1/audio-analysis/6If6tXpbwYs5zBop1AqfwG,0.3,198010,0.897,6If6tXpbwYs5zBop1AqfwG,0.0,0,0.328,-1.6,0,0.0481,150.062,3,https://api.spotify.com/v1/tracks/6If6tXpbwYs5zBop1AqfwG,audio_features,0.237
179,Make The Fire Burn,Psyko Punkz,spotify:track:5WqWGegYtgC3v1z4btmyd1,0.104,https://api.spotify.com/v1/audio-analysis/5WqWGegYtgC3v1z4btmyd1,0.53,216316,0.967,5WqWGegYtgC3v1z4btmyd1,0.00914,2,0.368,-4.125,1,0.106,151.951,4,https://api.spotify.com/v1/tracks/5WqWGegYtgC3v1z4btmyd1,audio_features,0.198
180,Left With The Wrong (Warface Remix),Psyko Punkz,spotify:track:6YYuC3YqS1pxpjrXtYcWme,0.013,https://api.spotify.com/v1/audio-analysis/6YYuC3YqS1pxpjrXtYcWme,0.501,187363,0.988,6YYuC3YqS1pxpjrXtYcWme,0.000127,8,0.337,-3.127,1,0.143,155.041,4,https://api.spotify.com/v1/tracks/6YYuC3YqS1pxpjrXtYcWme,audio_features,0.252
181,Attack Again,Noisecontrollers,spotify:track:3s5UKWKxKVq2Jly5X4B7aY,0.275,https://api.spotify.com/v1/audio-analysis/3s5UKWKxKVq2Jly5X4B7aY,0.573,200000,0.952,3s5UKWKxKVq2Jly5X4B7aY,0.0294,6,0.262,-6.447,0,0.07,150.012,4,https://api.spotify.com/v1/tracks/3s5UKWKxKVq2Jly5X4B7aY,audio_features,0.524
182,Respect,Da Tweekaz,spotify:track:1WFIjFZXcvWqjPgXnQTIua,0.0589,https://api.spotify.com/v1/audio-analysis/1WFIjFZXcvWqjPgXnQTIua,0.359,196295,0.822,1WFIjFZXcvWqjPgXnQTIua,0.0338,10,0.355,-5.756,1,0.0573,149.937,4,https://api.spotify.com/v1/tracks/1WFIjFZXcvWqjPgXnQTIua,audio_features,0.484
183,Heartbeat,Faizar,spotify:track:1P9cFLgMBSb7pMj2yRZpX8,0.275,https://api.spotify.com/v1/audio-analysis/1P9cFLgMBSb7pMj2yRZpX8,0.517,209600,0.928,1P9cFLgMBSb7pMj2yRZpX8,0.000241,1,0.341,-2.346,0,0.0369,149.93,4,https://api.spotify.com/v1/tracks/1P9cFLgMBSb7pMj2yRZpX8,audio_features,0.338
184,Braver Love,ARTY,spotify:track:0DQDpCo068GxNajdQ9YbK3,0.00893,https://api.spotify.com/v1/audio-analysis/0DQDpCo068GxNajdQ9YbK3,0.489,213760,0.77,0DQDpCo068GxNajdQ9YbK3,0.0,3,0.147,-5.181,0,0.0548,127.978,4,https://api.spotify.com/v1/tracks/0DQDpCo068GxNajdQ9YbK3,audio_features,0.415
185,Chaser,Crypsis,spotify:track:3fv0WEr235qDKhqWhI76xo,0.00427,https://api.spotify.com/v1/audio-analysis/3fv0WEr235qDKhqWhI76xo,0.577,350767,0.913,3fv0WEr235qDKhqWhI76xo,0.0898,11,0.0831,-6.63,0,0.146,148.032,4,https://api.spotify.com/v1/tracks/3fv0WEr235qDKhqWhI76xo,audio_features,0.351
186,Mystery [Mix Cut] - Original Mix,Deepack,spotify:track:5wJrfOfN3o8jo0liV69LI7,0.00709,https://api.spotify.com/v1/audio-analysis/5wJrfOfN3o8jo0liV69LI7,0.497,280387,0.864,5wJrfOfN3o8jo0liV69LI7,0.876,1,0.329,-8.096,0,0.0328,150.148,4,https://api.spotify.com/v1/tracks/5wJrfOfN3o8jo0liV69LI7,audio_features,0.226
187,What You Got,Toneshifterz,spotify:track:4o7CcPRirPgCWxxupB0DXB,0.018,https://api.spotify.com/v1/audio-analysis/4o7CcPRirPgCWxxupB0DXB,0.582,195918,0.934,4o7CcPRirPgCWxxupB0DXB,0.0429,1,0.0899,-2.592,1,0.0634,147.009,4,https://api.spotify.com/v1/tracks/4o7CcPRirPgCWxxupB0DXB,audio_features,0.202
188,PSYSTYLE,Toneshifterz,spotify:track:2cV3GfhwIjs7LN3YsZr6kf,0.00411,https://api.spotify.com/v1/audio-analysis/2cV3GfhwIjs7LN3YsZr6kf,0.527,205600,0.994,2cV3GfhwIjs7LN3YsZr6kf,0.206,1,0.3,-3.132,1,0.0717,149.958,4,https://api.spotify.com/v1/tracks/2cV3GfhwIjs7LN3YsZr6kf,audio_features,0.0444
189,Rockin Ur Mind - CD Version,D-Block & S-te-Fan,spotify:track:3rJZgmDE26oQSeF8xbJPNT,0.022,https://api.spotify.com/v1/audio-analysis/3rJZgmDE26oQSeF8xbJPNT,0.607,296092,0.955,3rJZgmDE26oQSeF8xbJPNT,0.677,9,0.0987,-3.325,0,0.0883,150.016,4,https://api.spotify.com/v1/tracks/3rJZgmDE26oQSeF8xbJPNT,audio_features,0.137
190,Never Say Never - Pherato Remix,Sick Individuals,spotify:track:2NxymXxbElHNtghhxFcbqh,0.00104,https://api.spotify.com/v1/audio-analysis/2NxymXxbElHNtghhxFcbqh,0.508,196173,0.841,2NxymXxbElHNtghhxFcbqh,1.43e-05,11,0.363,-4.45,0,0.0346,149.956,4,https://api.spotify.com/v1/tracks/2NxymXxbElHNtghhxFcbqh,audio_features,0.228
191,Superhero,Unknown Brain,spotify:track:7EYv3adMrIC5mqurz7fHhD,0.028,https://api.spotify.com/v1/audio-analysis/7EYv3adMrIC5mqurz7fHhD,0.669,179225,0.937,7EYv3adMrIC5mqurz7fHhD,1.79e-05,8,0.318,-4.054,0,0.0714,75.013,4,https://api.spotify.com/v1/tracks/7EYv3adMrIC5mqurz7fHhD,audio_features,0.223
192,Parachutes - Radio Edit,Toneshifterz,spotify:track:5R0Ppf0UDjnfO0tGcuzcKP,0.00819,https://api.spotify.com/v1/audio-analysis/5R0Ppf0UDjnfO0tGcuzcKP,0.527,337600,0.926,5R0Ppf0UDjnfO0tGcuzcKP,0.000215,7,0.909,-4.602,0,0.0875,149.955,4,https://api.spotify.com/v1/tracks/5R0Ppf0UDjnfO0tGcuzcKP,audio_features,0.267
193,The Godfather,Zatox,spotify:track:5Fu05GBwbbKfSQgLHZdqT5,0.000977,https://api.spotify.com/v1/audio-analysis/5Fu05GBwbbKfSQgLHZdqT5,0.337,241600,0.981,5Fu05GBwbbKfSQgLHZdqT5,0.00389,9,0.114,-5.596,0,0.498,152.919,4,https://api.spotify.com/v1/tracks/5Fu05GBwbbKfSQgLHZdqT5,audio_features,0.0677
194,Reignite - Original Mix,Headhunterz,spotify:track:170keOoyycZUABgaWesLRE,0.003,https://api.spotify.com/v1/audio-analysis/170keOoyycZUABgaWesLRE,0.502,384375,0.846,170keOoyycZUABgaWesLRE,0.0177,7,0.0775,-6.152,0,0.0521,150.037,4,https://api.spotify.com/v1/tracks/170keOoyycZUABgaWesLRE,audio_features,0.215
195,Break The Show - Radio Edit,Noisecontrollers,spotify:track:6tfeBAxJptghaIJmGrgUiP,0.0203,https://api.spotify.com/v1/audio-analysis/6tfeBAxJptghaIJmGrgUiP,0.334,202556,0.978,6tfeBAxJptghaIJmGrgUiP,0.27,0,0.408,-4.407,0,0.158,149.735,4,https://api.spotify.com/v1/tracks/6tfeBAxJptghaIJmGrgUiP,audio_features,0.288
196,Good Vibes - Radio Version,Da Tweekaz,spotify:track:5BrvbL54Y7r3Q8GIuCuHYV,0.0203,https://api.spotify.com/v1/audio-analysis/5BrvbL54Y7r3Q8GIuCuHYV,0.563,197200,0.953,5BrvbL54Y7r3Q8GIuCuHYV,0.07,9,0.0586,-4.286,0,0.0626,149.98,4,https://api.spotify.com/v1/tracks/5BrvbL54Y7r3Q8GIuCuHYV,audio_features,0.508
197,Dirty Style - Faizar Remix,Omegatypez,spotify:track:4MA8rd5dtKKLp2nMTHklVH,0.00521,https://api.spotify.com/v1/audio-analysis/4MA8rd5dtKKLp2nMTHklVH,0.522,214173,0.981,4MA8rd5dtKKLp2nMTHklVH,0.159,1,0.397,-2.357,0,0.0612,149.995,4,https://api.spotify.com/v1/tracks/4MA8rd5dtKKLp2nMTHklVH,audio_features,0.54
198,Promised Land,D-Block & S-te-Fan,spotify:track:7tniXeRpDkUhJ5WlBkcs6l,0.0212,https://api.spotify.com/v1/audio-analysis/7tniXeRpDkUhJ5WlBkcs6l,0.495,227200,0.944,7tniXeRpDkUhJ5WlBkcs6l,1.4e-06,0,0.273,-1.727,0,0.0539,149.924,4,https://api.spotify.com/v1/tracks/7tniXeRpDkUhJ5WlBkcs6l,audio_features,0.381
199,Digital Nation - Radio,Technoboy,spotify:track:45BlI5Ubf4iSGszPf6ntAo,0.000442,https://api.spotify.com/v1/audio-analysis/45BlI5Ubf4iSGszPf6ntAo,0.501,179800,0.998,45BlI5Ubf4iSGszPf6ntAo,0.518,8,0.488,-2.828,0,0.0916,150.013,4,https://api.spotify.com/v1/tracks/45BlI5Ubf4iSGszPf6ntAo,audio_features,0.354
200,Rock Civilization,Headhunterz,spotify:track:4dihx3emTRixgkskB8n8lH,0.0355,https://api.spotify.com/v1/audio-analysis/4dihx3emTRixgkskB8n8lH,0.703,354092,0.994,4dihx3emTRixgkskB8n8lH,0.727,9,0.864,-6.376,0,0.193,150.0,4,https://api.spotify.com/v1/tracks/4dihx3emTRixgkskB8n8lH,audio_features,0.0733
201,Let There Be Light,Audiotricz,spotify:track:6DUXTNrILvMUEPtj8PIYyO,0.019,https://api.spotify.com/v1/audio-analysis/6DUXTNrILvMUEPtj8PIYyO,0.518,189200,0.77,6DUXTNrILvMUEPtj8PIYyO,0.194,9,0.355,-6.15,1,0.0634,150.008,4,https://api.spotify.com/v1/tracks/6DUXTNrILvMUEPtj8PIYyO,audio_features,0.068
202,Twilight Zone,D-Block & S-te-Fan,spotify:track:09BxJMIz6CkunwqTPgpEWV,0.07,https://api.spotify.com/v1/audio-analysis/09BxJMIz6CkunwqTPgpEWV,0.394,192000,0.865,09BxJMIz6CkunwqTPgpEWV,7.61e-05,10,0.17,-2.528,0,0.0399,150.061,4,https://api.spotify.com/v1/tracks/09BxJMIz6CkunwqTPgpEWV,audio_features,0.167
203,Melancholia - Original Mix,Wasted Penguinz,spotify:track:7z4cco7tnaLJHT2yiXtAl1,0.0374,https://api.spotify.com/v1/audio-analysis/7z4cco7tnaLJHT2yiXtAl1,0.669,343934,0.703,7z4cco7tnaLJHT2yiXtAl1,0.00279,5,0.0987,-4.933,0,0.037,150.011,4,https://api.spotify.com/v1/tracks/7z4cco7tnaLJHT2yiXtAl1,audio_features,0.367
204,Us Against The World (Da Tweekaz Remix),Darren Styles,spotify:track:3uJnYKR844kT7MLpm0cquz,0.0431,https://api.spotify.com/v1/audio-analysis/3uJnYKR844kT7MLpm0cquz,0.478,222400,0.878,3uJnYKR844kT7MLpm0cquz,1.93e-05,1,0.0719,-3.431,0,0.0403,149.671,4,https://api.spotify.com/v1/tracks/3uJnYKR844kT7MLpm0cquz,audio_features,0.289
205,No One Can Stop Us Now,Headhunterz,spotify:track:5YjqaxkS4NLVlzMQVFjez8,0.0439,https://api.spotify.com/v1/audio-analysis/5YjqaxkS4NLVlzMQVFjez8,0.273,229600,0.891,5YjqaxkS4NLVlzMQVFjez8,0.165,11,0.345,-5.892,0,0.0983,149.693,4,https://api.spotify.com/v1/tracks/5YjqaxkS4NLVlzMQVFjez8,audio_features,0.0744
206,Hunted (feat. Jonny Rose),Priority One & TwoThirds,spotify:track:5IU73KswqMJp0lqSD1m9Qu,0.00204,https://api.spotify.com/v1/audio-analysis/5IU73KswqMJp0lqSD1m9Qu,0.519,264696,0.803,5IU73KswqMJp0lqSD1m9Qu,0.0386,11,0.131,-3.622,0,0.0441,175.092,4,https://api.spotify.com/v1/tracks/5IU73KswqMJp0lqSD1m9Qu,audio_features,0.0859
207,Dragonborn - Original Mix,Headhunterz,spotify:track:1JrQp5SsYx295qNVAaXKMw,0.0772,https://api.spotify.com/v1/audio-analysis/1JrQp5SsYx295qNVAaXKMw,0.479,334940,0.993,1JrQp5SsYx295qNVAaXKMw,0.254,5,0.12,-3.77,1,0.188,150.001,4,https://api.spotify.com/v1/tracks/1JrQp5SsYx295qNVAaXKMw,audio_features,0.0957
208,Reaching For The Stars,Aftershock,spotify:track:0oSxHfO58C7HPsiAWi2IqA,0.000682,https://api.spotify.com/v1/audio-analysis/0oSxHfO58C7HPsiAWi2IqA,0.393,217704,0.915,0oSxHfO58C7HPsiAWi2IqA,0.00378,5,0.118,-5.99,1,0.178,150.174,4,https://api.spotify.com/v1/tracks/0oSxHfO58C7HPsiAWi2IqA,audio_features,0.284
209,United (Official Decibel 2016 Anthem),Ran-D,spotify:track:3z2xIIBov9u4cPtT0QpuQF,0.00536,https://api.spotify.com/v1/audio-analysis/3z2xIIBov9u4cPtT0QpuQF,0.481,211199,0.99,3z2xIIBov9u4cPtT0QpuQF,1.69e-06,5,0.134,-2.173,1,0.137,150.056,4,https://api.spotify.com/v1/tracks/3z2xIIBov9u4cPtT0QpuQF,audio_features,0.342
210,Majestic,Tevvez,spotify:track:2Xm0Vy7NQJE4k6vmz6G3yi,0.0259,https://api.spotify.com/v1/audio-analysis/2Xm0Vy7NQJE4k6vmz6G3yi,0.559,187820,0.728,2Xm0Vy7NQJE4k6vmz6G3yi,0.894,6,0.0522,-6.394,0,0.029,140.971,4,https://api.spotify.com/v1/tracks/2Xm0Vy7NQJE4k6vmz6G3yi,audio_features,0.215
211,Timeless - Radio Edit,Wildstylez,spotify:track:53eqv3zPNI3V4nIxClXwnx,0.0103,https://api.spotify.com/v1/audio-analysis/53eqv3zPNI3V4nIxClXwnx,0.491,256000,0.927,53eqv3zPNI3V4nIxClXwnx,0.346,9,0.0928,-4.7,0,0.0398,149.988,4,https://api.spotify.com/v1/tracks/53eqv3zPNI3V4nIxClXwnx,audio_features,0.0374
212,Superman,Coone,spotify:track:2rPj7LoFWCYE0i3bqF73eS,0.0782,https://api.spotify.com/v1/audio-analysis/2rPj7LoFWCYE0i3bqF73eS,0.524,222400,0.885,2rPj7LoFWCYE0i3bqF73eS,2.53e-05,4,0.126,-3.686,0,0.0387,149.896,4,https://api.spotify.com/v1/tracks/2rPj7LoFWCYE0i3bqF73eS,audio_features,0.186
213,PSYchopath,Sub Zero Project,spotify:track:5yf5zrk9f9EzDv4HqGGpwM,0.00257,https://api.spotify.com/v1/audio-analysis/5yf5zrk9f9EzDv4HqGGpwM,0.412,208533,0.985,5yf5zrk9f9EzDv4HqGGpwM,0.000109,1,0.375,-3.454,1,0.171,150.05,4,https://api.spotify.com/v1/tracks/5yf5zrk9f9EzDv4HqGGpwM,audio_features,0.0609
214,Who's Back,GLDY LX,spotify:track:7gadHiywEbEyAcdYRhz1Dl,0.00349,https://api.spotify.com/v1/audio-analysis/7gadHiywEbEyAcdYRhz1Dl,0.49,208400,0.886,7gadHiywEbEyAcdYRhz1Dl,0.0,10,0.632,-5.021,0,0.122,149.99,4,https://api.spotify.com/v1/tracks/7gadHiywEbEyAcdYRhz1Dl,audio_features,0.354
215,Speaking Computer,Aria,spotify:track:7gfaTfOmMNiC4uCqjEVSj1,0.0118,https://api.spotify.com/v1/audio-analysis/7gfaTfOmMNiC4uCqjEVSj1,0.55,241224,0.869,7gfaTfOmMNiC4uCqjEVSj1,0.000397,8,0.227,-5.15,1,0.0484,150.088,4,https://api.spotify.com/v1/tracks/7gfaTfOmMNiC4uCqjEVSj1,audio_features,0.365
216,Go Psycho,Audiofreq,spotify:track:1dk70aP0CkihbnlXkz1qnj,0.035,https://api.spotify.com/v1/audio-analysis/1dk70aP0CkihbnlXkz1qnj,0.432,215200,0.997,1dk70aP0CkihbnlXkz1qnj,0.00228,7,0.293,-1.737,0,0.0731,150.076,4,https://api.spotify.com/v1/tracks/1dk70aP0CkihbnlXkz1qnj,audio_features,0.191
217,All In My Head,The Prophet,spotify:track:0IOzQgwDfYqWH0vadYUrPN,0.00586,https://api.spotify.com/v1/audio-analysis/0IOzQgwDfYqWH0vadYUrPN,0.423,205665,0.969,0IOzQgwDfYqWH0vadYUrPN,4.75e-05,9,0.62,-2.72,0,0.255,155.11,4,https://api.spotify.com/v1/tracks/0IOzQgwDfYqWH0vadYUrPN,audio_features,0.0642
218,Save Me,Navras,spotify:track:5KXMgkTA3xmigLTDo4flvp,0.00136,https://api.spotify.com/v1/audio-analysis/5KXMgkTA3xmigLTDo4flvp,0.534,224000,0.869,5KXMgkTA3xmigLTDo4flvp,0.383,8,0.122,-4.295,0,0.131,149.994,4,https://api.spotify.com/v1/tracks/5KXMgkTA3xmigLTDo4flvp,audio_features,0.243
219,Speed Of Light,Aria,spotify:track:2qQ89xvJSwjbSzezHWnV4y,0.000666,https://api.spotify.com/v1/audio-analysis/2qQ89xvJSwjbSzezHWnV4y,0.493,174243,0.896,2qQ89xvJSwjbSzezHWnV4y,0.0393,4,0.274,-4.742,1,0.0583,149.829,4,https://api.spotify.com/v1/tracks/2qQ89xvJSwjbSzezHWnV4y,audio_features,0.169
220,Ready Yourself,Exilium,spotify:track:3FOjmXxnFPm5ikZQrDTtoq,0.0241,https://api.spotify.com/v1/audio-analysis/3FOjmXxnFPm5ikZQrDTtoq,0.547,201787,0.823,3FOjmXxnFPm5ikZQrDTtoq,0.000461,1,0.521,-5.597,1,0.111,150.086,4,https://api.spotify.com/v1/tracks/3FOjmXxnFPm5ikZQrDTtoq,audio_features,0.697
221,The Revolution,JNXD,spotify:track:2qPn7I2VuMX18wWNngBEyl,0.0423,https://api.spotify.com/v1/audio-analysis/2qPn7I2VuMX18wWNngBEyl,0.541,199742,0.944,2qPn7I2VuMX18wWNngBEyl,0.000673,2,0.205,-3.724,1,0.355,160.083,4,https://api.spotify.com/v1/tracks/2qPn7I2VuMX18wWNngBEyl,audio_features,0.108
222,Feel It!,D-Block & S-te-Fan,spotify:track:01xdiGuSuIf5qZulm1uqkY,0.0191,https://api.spotify.com/v1/audio-analysis/01xdiGuSuIf5qZulm1uqkY,0.459,236903,0.941,01xdiGuSuIf5qZulm1uqkY,0.0,9,0.371,-2.053,0,0.0777,155.023,4,https://api.spotify.com/v1/tracks/01xdiGuSuIf5qZulm1uqkY,audio_features,0.399
